2026-08-21 11:28:13,550 INFO  Logger.cs: 70 - 
--------------------------------------------------------------------------------
2026-08-21 11:28:13,576 INFO  Logger.cs: 71 - Logging commencing for SW2URDF exporter
2026-08-21 11:28:13,577 INFO  Logger.cs: 73 - Commit version 1.6.0-4-g7f85cfe
2026-08-21 11:28:13,578 INFO  Logger.cs: 74 - Build version 1.6.7995.38578
2026-08-21 11:28:13,591 INFO  SwAddin.cs: 192 - Attempting to connect to SW
2026-08-21 11:28:13,591 INFO  SwAddin.cs: 197 - Setting up callbacks
2026-08-21 11:28:13,592 INFO  SwAddin.cs: 201 - Setting up command manager
2026-08-21 11:28:13,593 INFO  SwAddin.cs: 204 - Adding command manager
2026-08-21 11:28:13,596 INFO  SwAddin.cs: 263 - Adding Assembly export to file menu
2026-08-21 11:28:13,597 INFO  SwAddin.cs: 272 - Adding Part export to file menu
2026-08-21 11:28:13,597 INFO  SwAddin.cs: 210 - Adding event handlers
2026-08-21 11:28:13,755 INFO  SwAddin.cs: 217 - Connecting plugin to SolidWorks
2026-08-21 11:29:44,400 INFO  SwAddin.cs: 294 - Assembly export called for file ASSY_URDF.SLDASM
2026-08-21 11:29:48,152 INFO  SwAddin.cs: 313 - Saving assembly
2026-08-21 11:29:48,255 INFO  SwAddin.cs: 316 - Opening property manager
2026-08-21 11:29:48,267 INFO  ExportHelperExtension.cs: 1125 - Retrieving features of type [CoordSys] from ASSY_URDF.SLDASM
2026-08-21 11:29:48,296 INFO  ExportHelperExtension.cs: 1136 - Found 31 in ASSY_URDF.SLDASM
2026-08-21 11:29:48,297 INFO  ExportHelperExtension.cs: 1145 - Found 0 features of type [CoordSys] in ASSY_URDF.SLDASM
2026-08-21 11:29:48,297 INFO  ExportHelperExtension.cs: 1148 - Proceeding through assembly components
2026-08-21 11:29:48,298 INFO  ExportHelperExtension.cs: 1160 - 3 components to check
2026-08-21 11:29:48,299 INFO  ExportHelperExtension.cs: 1125 - Retrieving features of type [CoordSys] from grippe_finger-3
2026-08-21 11:29:48,300 INFO  ExportHelperExtension.cs: 1136 - Found 23 in grippe_finger-3
2026-08-21 11:29:48,300 INFO  ExportHelperExtension.cs: 1145 - Found 0 features of type [CoordSys] in grippe_finger-3
2026-08-21 11:29:48,300 INFO  ExportHelperExtension.cs: 1125 - Retrieving features of type [CoordSys] from grippe_finger-2
2026-08-21 11:29:48,301 INFO  ExportHelperExtension.cs: 1136 - Found 23 in grippe_finger-2
2026-08-21 11:29:48,301 INFO  ExportHelperExtension.cs: 1145 - Found 0 features of type [CoordSys] in grippe_finger-2
2026-08-21 11:29:48,301 INFO  ExportHelperExtension.cs: 1125 - Retrieving features of type [CoordSys] from gripper_base-2
2026-08-21 11:29:48,302 INFO  ExportHelperExtension.cs: 1136 - Found 30 in gripper_base-2
2026-08-21 11:29:48,302 INFO  ExportHelperExtension.cs: 1145 - Found 0 features of type [CoordSys] in gripper_base-2
2026-08-21 11:29:48,303 INFO  ExportHelperExtension.cs: 1125 - Retrieving features of type [RefAxis] from ASSY_URDF.SLDASM
2026-08-21 11:29:48,303 INFO  ExportHelperExtension.cs: 1136 - Found 31 in ASSY_URDF.SLDASM
2026-08-21 11:29:48,303 INFO  ExportHelperExtension.cs: 1145 - Found 0 features of type [RefAxis] in ASSY_URDF.SLDASM
2026-08-21 11:29:48,303 INFO  ExportHelperExtension.cs: 1148 - Proceeding through assembly components
2026-08-21 11:29:48,304 INFO  ExportHelperExtension.cs: 1160 - 3 components to check
2026-08-21 11:29:48,304 INFO  ExportHelperExtension.cs: 1125 - Retrieving features of type [RefAxis] from grippe_finger-3
2026-08-21 11:29:48,304 INFO  ExportHelperExtension.cs: 1136 - Found 23 in grippe_finger-3
2026-08-21 11:29:48,305 INFO  ExportHelperExtension.cs: 1145 - Found 0 features of type [RefAxis] in grippe_finger-3
2026-08-21 11:29:48,305 INFO  ExportHelperExtension.cs: 1125 - Retrieving features of type [RefAxis] from grippe_finger-2
2026-08-21 11:29:48,305 INFO  ExportHelperExtension.cs: 1136 - Found 23 in grippe_finger-2
2026-08-21 11:29:48,305 INFO  ExportHelperExtension.cs: 1145 - Found 0 features of type [RefAxis] in grippe_finger-2
2026-08-21 11:29:48,306 INFO  ExportHelperExtension.cs: 1125 - Retrieving features of type [RefAxis] from gripper_base-2
2026-08-21 11:29:48,306 INFO  ExportHelperExtension.cs: 1136 - Found 30 in gripper_base-2
2026-08-21 11:29:48,306 INFO  ExportHelperExtension.cs: 1145 - Found 0 features of type [RefAxis] in gripper_base-2
2026-08-21 11:29:48,459 INFO  SwAddin.cs: 339 - Loading config tree
2026-08-21 11:29:48,463 INFO  ExportPropertyManagerExtension.cs: 520 - Starting new configuration
2026-08-21 11:29:48,467 INFO  SwAddin.cs: 344 - Showing property manager
2026-08-21 11:30:31,386 INFO  ExportPropertyManager.cs: 422 - Configuration saved
2026-08-21 11:30:32,558 INFO  ExportHelperExtension.cs: 1125 - Retrieving features of type [CoordSys] from ASSY_URDF.SLDASM
2026-08-21 11:30:32,561 INFO  ExportHelperExtension.cs: 1136 - Found 34 in ASSY_URDF.SLDASM
2026-08-21 11:30:32,562 INFO  ExportHelperExtension.cs: 1145 - Found 1 features of type [CoordSys] in ASSY_URDF.SLDASM
2026-08-21 11:30:32,562 INFO  ExportHelperExtension.cs: 1148 - Proceeding through assembly components
2026-08-21 11:30:32,562 INFO  ExportHelperExtension.cs: 1160 - 3 components to check
2026-08-21 11:30:32,562 INFO  ExportHelperExtension.cs: 1125 - Retrieving features of type [CoordSys] from grippe_finger-3
2026-08-21 11:30:32,563 INFO  ExportHelperExtension.cs: 1136 - Found 23 in grippe_finger-3
2026-08-21 11:30:32,563 INFO  ExportHelperExtension.cs: 1145 - Found 0 features of type [CoordSys] in grippe_finger-3
2026-08-21 11:30:32,563 INFO  ExportHelperExtension.cs: 1125 - Retrieving features of type [CoordSys] from grippe_finger-2
2026-08-21 11:30:32,564 INFO  ExportHelperExtension.cs: 1136 - Found 23 in grippe_finger-2
2026-08-21 11:30:32,564 INFO  ExportHelperExtension.cs: 1145 - Found 0 features of type [CoordSys] in grippe_finger-2
2026-08-21 11:30:32,564 INFO  ExportHelperExtension.cs: 1125 - Retrieving features of type [CoordSys] from gripper_base-2
2026-08-21 11:30:32,565 INFO  ExportHelperExtension.cs: 1136 - Found 30 in gripper_base-2
2026-08-21 11:30:32,565 INFO  ExportHelperExtension.cs: 1145 - Found 0 features of type [CoordSys] in gripper_base-2
2026-08-21 11:30:32,565 INFO  ExportHelperExtension.cs: 1125 - Retrieving features of type [RefAxis] from ASSY_URDF.SLDASM
2026-08-21 11:30:32,565 INFO  ExportHelperExtension.cs: 1136 - Found 34 in ASSY_URDF.SLDASM
2026-08-21 11:30:32,566 INFO  ExportHelperExtension.cs: 1145 - Found 0 features of type [RefAxis] in ASSY_URDF.SLDASM
2026-08-21 11:30:32,566 INFO  ExportHelperExtension.cs: 1148 - Proceeding through assembly components
2026-08-21 11:30:32,566 INFO  ExportHelperExtension.cs: 1160 - 3 components to check
2026-08-21 11:30:32,566 INFO  ExportHelperExtension.cs: 1125 - Retrieving features of type [RefAxis] from grippe_finger-3
2026-08-21 11:30:32,567 INFO  ExportHelperExtension.cs: 1136 - Found 23 in grippe_finger-3
2026-08-21 11:30:32,567 INFO  ExportHelperExtension.cs: 1145 - Found 0 features of type [RefAxis] in grippe_finger-3
2026-08-21 11:30:32,567 INFO  ExportHelperExtension.cs: 1125 - Retrieving features of type [RefAxis] from grippe_finger-2
2026-08-21 11:30:32,567 INFO  ExportHelperExtension.cs: 1136 - Found 23 in grippe_finger-2
2026-08-21 11:30:32,568 INFO  ExportHelperExtension.cs: 1145 - Found 0 features of type [RefAxis] in grippe_finger-2
2026-08-21 11:30:32,568 INFO  ExportHelperExtension.cs: 1125 - Retrieving features of type [RefAxis] from gripper_base-2
2026-08-21 11:30:32,568 INFO  ExportHelperExtension.cs: 1136 - Found 30 in gripper_base-2
2026-08-21 11:30:32,569 INFO  ExportHelperExtension.cs: 1145 - Found 0 features of type [RefAxis] in gripper_base-2
2026-08-21 11:30:32,602 INFO  ExportPropertyManager.cs: 1142 - AfterClose called. This method no longer throws an Exception. It just silently does nothing. Ok, except for this logging message
2026-08-21 11:33:34,969 INFO  SwAddin.cs: 294 - Assembly export called for file ASSY_URDF.SLDASM
2026-08-21 11:33:34,970 INFO  SwAddin.cs: 299 - Save is required
2026-08-21 11:33:34,970 INFO  SwAddin.cs: 313 - Saving assembly
2026-08-21 11:33:35,148 INFO  SwAddin.cs: 316 - Opening property manager
2026-08-21 11:33:35,149 INFO  ExportHelperExtension.cs: 1125 - Retrieving features of type [CoordSys] from ASSY_URDF.SLDASM
2026-08-21 11:33:35,150 INFO  ExportHelperExtension.cs: 1136 - Found 31 in ASSY_URDF.SLDASM
2026-08-21 11:33:35,150 INFO  ExportHelperExtension.cs: 1145 - Found 0 features of type [CoordSys] in ASSY_URDF.SLDASM
2026-08-21 11:33:35,150 INFO  ExportHelperExtension.cs: 1148 - Proceeding through assembly components
2026-08-21 11:33:35,151 INFO  ExportHelperExtension.cs: 1160 - 3 components to check
2026-08-21 11:33:35,151 INFO  ExportHelperExtension.cs: 1125 - Retrieving features of type [CoordSys] from grippe_finger-3
2026-08-21 11:33:35,151 INFO  ExportHelperExtension.cs: 1136 - Found 23 in grippe_finger-3
2026-08-21 11:33:35,152 INFO  ExportHelperExtension.cs: 1145 - Found 0 features of type [CoordSys] in grippe_finger-3
2026-08-21 11:33:35,152 INFO  ExportHelperExtension.cs: 1125 - Retrieving features of type [CoordSys] from grippe_finger-2
2026-08-21 11:33:35,152 INFO  ExportHelperExtension.cs: 1136 - Found 23 in grippe_finger-2
2026-08-21 11:33:35,152 INFO  ExportHelperExtension.cs: 1145 - Found 0 features of type [CoordSys] in grippe_finger-2
2026-08-21 11:33:35,153 INFO  ExportHelperExtension.cs: 1125 - Retrieving features of type [CoordSys] from gripper_base-2
2026-08-21 11:33:35,153 INFO  ExportHelperExtension.cs: 1136 - Found 30 in gripper_base-2
2026-08-21 11:33:35,153 INFO  ExportHelperExtension.cs: 1145 - Found 0 features of type [CoordSys] in gripper_base-2
2026-08-21 11:33:35,154 INFO  ExportHelperExtension.cs: 1125 - Retrieving features of type [RefAxis] from ASSY_URDF.SLDASM
2026-08-21 11:33:35,154 INFO  ExportHelperExtension.cs: 1136 - Found 31 in ASSY_URDF.SLDASM
2026-08-21 11:33:35,154 INFO  ExportHelperExtension.cs: 1145 - Found 0 features of type [RefAxis] in ASSY_URDF.SLDASM
2026-08-21 11:33:35,154 INFO  ExportHelperExtension.cs: 1148 - Proceeding through assembly components
2026-08-21 11:33:35,155 INFO  ExportHelperExtension.cs: 1160 - 3 components to check
2026-08-21 11:33:35,155 INFO  ExportHelperExtension.cs: 1125 - Retrieving features of type [RefAxis] from grippe_finger-3
2026-08-21 11:33:35,155 INFO  ExportHelperExtension.cs: 1136 - Found 23 in grippe_finger-3
2026-08-21 11:33:35,156 INFO  ExportHelperExtension.cs: 1145 - Found 0 features of type [RefAxis] in grippe_finger-3
2026-08-21 11:33:35,156 INFO  ExportHelperExtension.cs: 1125 - Retrieving features of type [RefAxis] from grippe_finger-2
2026-08-21 11:33:35,156 INFO  ExportHelperExtension.cs: 1136 - Found 23 in grippe_finger-2
2026-08-21 11:33:35,156 INFO  ExportHelperExtension.cs: 1145 - Found 0 features of type [RefAxis] in grippe_finger-2
2026-08-21 11:33:35,157 INFO  ExportHelperExtension.cs: 1125 - Retrieving features of type [RefAxis] from gripper_base-2
2026-08-21 11:33:35,157 INFO  ExportHelperExtension.cs: 1136 - Found 30 in gripper_base-2
2026-08-21 11:33:35,157 INFO  ExportHelperExtension.cs: 1145 - Found 0 features of type [RefAxis] in gripper_base-2
2026-08-21 11:33:35,248 INFO  SwAddin.cs: 339 - Loading config tree
2026-08-21 11:33:35,249 INFO  ExportPropertyManagerExtension.cs: 520 - Starting new configuration
2026-08-21 11:33:35,251 INFO  SwAddin.cs: 344 - Showing property manager
2026-08-21 11:34:05,280 INFO  ExportPropertyManager.cs: 1018 - OnComboboxSelectionChanged called. This method no longer throws an Exception. It just silently does nothing. Ok, except for this logging message
2026-08-21 11:34:33,391 INFO  ExportPropertyManager.cs: 422 - Configuration saved
2026-08-21 11:34:33,421 INFO  ExportPropertyManager.cs: 1142 - AfterClose called. This method no longer throws an Exception. It just silently does nothing. Ok, except for this logging message
2026-08-21 11:35:28,732 INFO  SwAddin.cs: 294 - Assembly export called for file ASSY_URDF.SLDASM
2026-08-21 11:35:28,732 INFO  SwAddin.cs: 299 - Save is required
2026-08-21 11:35:28,733 INFO  SwAddin.cs: 313 - Saving assembly
2026-08-21 11:35:29,187 INFO  SwAddin.cs: 316 - Opening property manager
2026-08-21 11:35:29,187 INFO  ExportHelperExtension.cs: 1125 - Retrieving features of type [CoordSys] from ASSY_URDF.SLDASM
2026-08-21 11:35:29,188 INFO  ExportHelperExtension.cs: 1136 - Found 32 in ASSY_URDF.SLDASM
2026-08-21 11:35:29,188 INFO  ExportHelperExtension.cs: 1145 - Found 0 features of type [CoordSys] in ASSY_URDF.SLDASM
2026-08-21 11:35:29,188 INFO  ExportHelperExtension.cs: 1148 - Proceeding through assembly components
2026-08-21 11:35:29,189 INFO  ExportHelperExtension.cs: 1160 - 3 components to check
2026-08-21 11:35:29,189 INFO  ExportHelperExtension.cs: 1125 - Retrieving features of type [CoordSys] from grippe_finger-3
2026-08-21 11:35:29,189 INFO  ExportHelperExtension.cs: 1136 - Found 23 in grippe_finger-3
2026-08-21 11:35:29,189 INFO  ExportHelperExtension.cs: 1145 - Found 0 features of type [CoordSys] in grippe_finger-3
2026-08-21 11:35:29,190 INFO  ExportHelperExtension.cs: 1125 - Retrieving features of type [CoordSys] from grippe_finger-2
2026-08-21 11:35:29,190 INFO  ExportHelperExtension.cs: 1136 - Found 23 in grippe_finger-2
2026-08-21 11:35:29,190 INFO  ExportHelperExtension.cs: 1145 - Found 0 features of type [CoordSys] in grippe_finger-2
2026-08-21 11:35:29,191 INFO  ExportHelperExtension.cs: 1125 - Retrieving features of type [CoordSys] from gripper_base-2
2026-08-21 11:35:29,191 INFO  ExportHelperExtension.cs: 1136 - Found 30 in gripper_base-2
2026-08-21 11:35:29,191 INFO  ExportHelperExtension.cs: 1145 - Found 0 features of type [CoordSys] in gripper_base-2
2026-08-21 11:35:29,191 INFO  ExportHelperExtension.cs: 1125 - Retrieving features of type [RefAxis] from ASSY_URDF.SLDASM
2026-08-21 11:35:29,192 INFO  ExportHelperExtension.cs: 1136 - Found 32 in ASSY_URDF.SLDASM
2026-08-21 11:35:29,192 INFO  ExportHelperExtension.cs: 1145 - Found 0 features of type [RefAxis] in ASSY_URDF.SLDASM
2026-08-21 11:35:29,192 INFO  ExportHelperExtension.cs: 1148 - Proceeding through assembly components
2026-08-21 11:35:29,192 INFO  ExportHelperExtension.cs: 1160 - 3 components to check
2026-08-21 11:35:29,193 INFO  ExportHelperExtension.cs: 1125 - Retrieving features of type [RefAxis] from grippe_finger-3
2026-08-21 11:35:29,193 INFO  ExportHelperExtension.cs: 1136 - Found 23 in grippe_finger-3
2026-08-21 11:35:29,193 INFO  ExportHelperExtension.cs: 1145 - Found 0 features of type [RefAxis] in grippe_finger-3
2026-08-21 11:35:29,193 INFO  ExportHelperExtension.cs: 1125 - Retrieving features of type [RefAxis] from grippe_finger-2
2026-08-21 11:35:29,194 INFO  ExportHelperExtension.cs: 1136 - Found 23 in grippe_finger-2
2026-08-21 11:35:29,194 INFO  ExportHelperExtension.cs: 1145 - Found 0 features of type [RefAxis] in grippe_finger-2
2026-08-21 11:35:29,194 INFO  ExportHelperExtension.cs: 1125 - Retrieving features of type [RefAxis] from gripper_base-2
2026-08-21 11:35:29,195 INFO  ExportHelperExtension.cs: 1136 - Found 30 in gripper_base-2
2026-08-21 11:35:29,195 INFO  ExportHelperExtension.cs: 1145 - Found 0 features of type [RefAxis] in gripper_base-2
2026-08-21 11:35:29,286 INFO  SwAddin.cs: 339 - Loading config tree
2026-08-21 11:35:29,289 INFO  ConfigurationSerialization.cs: 276 - URDF Configuration found
<Link z:Id="i1" xmlns="http://schemas.datacontract.org/2004/07/SW2URDF" xmlns:i="http://www.w3.org/2001/XMLSchema-instance" xmlns:z="http://schemas.microsoft.com/2003/10/Serialization/"><Attributes><Attribute z:Id="i2"><AttributeType>name</AttributeType><IsRequired>true</IsRequired><Value i:type="a:string" xmlns:a="http://www.w3.org/2001/XMLSchema">base_link</Value></Attribute></Attributes><ChildElements><URDFElement z:Id="i3" i:type="Inertial"><Attributes/><ChildElements><URDFElement z:Id="i4" i:type="Origin"><Attributes><Attribute z:Id="i5"><AttributeType>xyz</AttributeType><IsRequired>true</IsRequired><Value i:type="a:ArrayOfdouble" xmlns:a="http://schemas.microsoft.com/2003/10/Serialization/Arrays"><a:double>0</a:double><a:double>0</a:double><a:double>0</a:double></Value></Attribute><Attribute z:Id="i6"><AttributeType>rpy</AttributeType><IsRequired>true</IsRequired><Value i:type="a:ArrayOfdouble" xmlns:a="http://schemas.microsoft.com/2003/10/Serialization/Arrays"><a:double>0</a:double><a:double>0</a:double><a:double>0</a:double></Value></Attribute></Attributes><ChildElements/><ElementName>origin</ElementName><required>false</required><RPYAttribute z:Ref="i6"/><XYZAttribute z:Ref="i5"/><isCustomized>false</isCustomized></URDFElement><URDFElement z:Id="i7" i:type="Mass"><Attributes><Attribute z:Id="i8"><AttributeType>value</AttributeType><IsRequired>true</IsRequired><Value i:type="a:double" xmlns:a="http://www.w3.org/2001/XMLSchema">0</Value></Attribute></Attributes><ChildElements/><ElementName>mass</ElementName><required>false</required><ValueAttribute z:Ref="i8"/></URDFElement><URDFElement z:Id="i9" i:type="Inertia"><Attributes><Attribute z:Id="i10"><AttributeType>ixx</AttributeType><IsRequired>true</IsRequired><Value i:type="a:double" xmlns:a="http://www.w3.org/2001/XMLSchema">0</Value></Attribute><Attribute z:Id="i11"><AttributeType>ixy</AttributeType><IsRequired>true</IsRequired><Value i:type="a:double" xmlns:a="http://www.w3.org/2001/XMLSchema">0</Value></Attribute><Attribute z:Id="i12"><AttributeType>ixz</AttributeType><IsRequired>true</IsRequired><Value i:type="a:double" xmlns:a="http://www.w3.org/2001/XMLSchema">0</Value></Attribute><Attribute z:Id="i13"><AttributeType>iyy</AttributeType><IsRequired>true</IsRequired><Value i:type="a:double" xmlns:a="http://www.w3.org/2001/XMLSchema">0</Value></Attribute><Attribute z:Id="i14"><AttributeType>iyz</AttributeType><IsRequired>true</IsRequired><Value i:type="a:double" xmlns:a="http://www.w3.org/2001/XMLSchema">0</Value></Attribute><Attribute z:Id="i15"><AttributeType>izz</AttributeType><IsRequired>true</IsRequired><Value i:type="a:double" xmlns:a="http://www.w3.org/2001/XMLSchema">0</Value></Attribute></Attributes><ChildElements/><ElementName>inertia</ElementName><required>false</required><IxxAttribute z:Ref="i10"/><IxyAttribute z:Ref="i11"/><IxzAttribute z:Ref="i12"/><IyyAttribute z:Ref="i13"/><IyzAttribute z:Ref="i14"/><IzzAttribute z:Ref="i15"/></URDFElement></ChildElements><ElementName>inertial</ElementName><required>false</required><Inertia z:Ref="i9"/><Mass z:Ref="i7"/><Origin z:Ref="i4"/></URDFElement><URDFElement z:Id="i16" i:type="Visual"><Attributes/><ChildElements><URDFElement z:Id="i17" i:type="Origin"><Attributes><Attribute z:Id="i18"><AttributeType>xyz</AttributeType><IsRequired>true</IsRequired><Value i:type="a:ArrayOfdouble" xmlns:a="http://schemas.microsoft.com/2003/10/Serialization/Arrays"><a:double>0</a:double><a:double>0</a:double><a:double>0</a:double></Value></Attribute><Attribute z:Id="i19"><AttributeType>rpy</AttributeType><IsRequired>true</IsRequired><Value i:type="a:ArrayOfdouble" xmlns:a="http://schemas.microsoft.com/2003/10/Serialization/Arrays"><a:double>0</a:double><a:double>0</a:double><a:double>0</a:double></Value></Attribute></Attributes><ChildElements/><ElementName>origin</ElementName><required>false</required><RPYAttribute z:Ref="i19"/><XYZAttribute z:Ref="i18"/><isCustomized>false</isCustomized></URDFElement><URDFElement z:Id="i20" i:type="Geometry"><Attributes/><ChildElements><URDFElement z:Id="i21" i:type="Mesh"><Attributes><Attribute z:Id="i22"><AttributeType>filename</AttributeType><IsRequired>true</IsRequired><Value i:nil="true"/></Attribute></Attributes><ChildElements/><ElementName>mesh</ElementName><required>false</required><FilenameAttribute z:Ref="i22"/></URDFElement></ChildElements><ElementName>geometry</ElementName><required>true</required><Mesh z:Ref="i21"/></URDFElement><URDFElement z:Id="i23" i:type="Material"><Attributes><Attribute z:Id="i24"><AttributeType>name</AttributeType><IsRequired>true</IsRequired><Value i:type="a:string" xmlns:a="http://www.w3.org/2001/XMLSchema"/></Attribute></Attributes><ChildElements><URDFElement z:Id="i25" i:type="Color"><Attributes><Attribute z:Id="i26"><AttributeType>rgba</AttributeType><IsRequired>true</IsRequired><Value i:type="a:ArrayOfdouble" xmlns:a="http://schemas.microsoft.com/2003/10/Serialization/Arrays"><a:double>1</a:double><a:double>1</a:double><a:double>1</a:double><a:double>1</a:double></Value></Attribute></Attributes><ChildElements/><ElementName>color</ElementName><required>false</required><RGBAAttribute z:Ref="i26"/></URDFElement><URDFElement z:Id="i27" i:type="Texture"><Attributes><Attribute z:Id="i28"><AttributeType>filename</AttributeType><IsRequired>true</IsRequired><Value i:nil="true"/></Attribute></Attributes><ChildElements/><ElementName>texture</ElementName><required>false</required><FilenameAttribute z:Ref="i28"/><wFilename/></URDFElement></ChildElements><ElementName>material</ElementName><required>false</required><Color z:Ref="i25"/><NameAttribute z:Ref="i24"/><Texture z:Ref="i27"/></URDFElement></ChildElements><ElementName>visual</ElementName><required>false</required><Geometry z:Ref="i20"/><Material z:Ref="i23"/><Origin z:Ref="i17"/></URDFElement><URDFElement z:Id="i29" i:type="Collision"><Attributes/><ChildElements><URDFElement z:Id="i30" i:type="Origin"><Attributes><Attribute z:Id="i31"><AttributeType>xyz</AttributeType><IsRequired>true</IsRequired><Value i:type="a:ArrayOfdouble" xmlns:a="http://schemas.microsoft.com/2003/10/Serialization/Arrays"><a:double>0</a:double><a:double>0</a:double><a:double>0</a:double></Value></Attribute><Attribute z:Id="i32"><AttributeType>rpy</AttributeType><IsRequired>true</IsRequired><Value i:type="a:ArrayOfdouble" xmlns:a="http://schemas.microsoft.com/2003/10/Serialization/Arrays"><a:double>0</a:double><a:double>0</a:double><a:double>0</a:double></Value></Attribute></Attributes><ChildElements/><ElementName>origin</ElementName><required>false</required><RPYAttribute z:Ref="i32"/><XYZAttribute z:Ref="i31"/><isCustomized>false</isCustomized></URDFElement><URDFElement z:Id="i33" i:type="Geometry"><Attributes/><ChildElements><URDFElement z:Id="i34" i:type="Mesh"><Attributes><Attribute z:Id="i35"><AttributeType>filename</AttributeType><IsRequired>true</IsRequired><Value i:nil="true"/></Attribute></Attributes><ChildElements/><ElementName>mesh</ElementName><required>false</required><FilenameAttribute z:Ref="i35"/></URDFElement></ChildElements><ElementName>geometry</ElementName><required>true</required><Mesh z:Ref="i34"/></URDFElement></ChildElements><ElementName>collision</ElementName><required>false</required><Geometry z:Ref="i33"/><Origin z:Ref="i30"/></URDFElement><URDFElement z:Id="i36" i:type="Joint"><Attributes><Attribute z:Id="i37"><AttributeType>name</AttributeType><IsRequired>true</IsRequired><Value i:type="a:string" xmlns:a="http://www.w3.org/2001/XMLSchema"/></Attribute><Attribute z:Id="i38"><AttributeType>type</AttributeType><IsRequired>true</IsRequired><Value i:type="a:string" xmlns:a="http://www.w3.org/2001/XMLSchema"/></Attribute></Attributes><ChildElements><URDFElement z:Id="i39" i:type="Origin"><Attributes><Attribute z:Id="i40"><AttributeType>xyz</AttributeType><IsRequired>true</IsRequired><Value i:type="a:ArrayOfdouble" xmlns:a="http://schemas.microsoft.com/2003/10/Serialization/Arrays"><a:double>0</a:double><a:double>0</a:double><a:double>0</a:double></Value></Attribute><Attribute z:Id="i41"><AttributeType>rpy</AttributeType><IsRequired>true</IsRequired><Value i:type="a:ArrayOfdouble" xmlns:a="http://schemas.microsoft.com/2003/10/Serialization/Arrays"><a:double>0</a:double><a:double>0</a:double><a:double>0</a:double></Value></Attribute></Attributes><ChildElements/><ElementName>origin</ElementName><required>false</required><RPYAttribute z:Ref="i41"/><XYZAttribute z:Ref="i40"/><isCustomized>false</isCustomized></URDFElement><URDFElement z:Id="i42" i:type="ParentLink"><Attributes><Attribute z:Id="i43"><AttributeType>link</AttributeType><IsRequired>true</IsRequired><Value i:type="a:string" xmlns:a="http://www.w3.org/2001/XMLSchema"/></Attribute></Attributes><ChildElements/><ElementName>parent</ElementName><required>true</required><NameAttribute z:Ref="i43"/></URDFElement><URDFElement z:Id="i44" i:type="ChildLink"><Attributes><Attribute z:Id="i45"><AttributeType>link</AttributeType><IsRequired>true</IsRequired><Value i:type="a:string" xmlns:a="http://www.w3.org/2001/XMLSchema"/></Attribute></Attributes><ChildElements/><ElementName>child</ElementName><required>true</required><NameAttribute z:Ref="i45"/></URDFElement><URDFElement z:Id="i46" i:type="Axis"><Attributes><Attribute z:Id="i47"><AttributeType>xyz</AttributeType><IsRequired>true</IsRequired><Value i:type="a:ArrayOfdouble" xmlns:a="http://schemas.microsoft.com/2003/10/Serialization/Arrays"><a:double>0</a:double><a:double>0</a:double><a:double>0</a:double></Value></Attribute></Attributes><ChildElements/><ElementName>axis</ElementName><required>false</required><XYZAttribute z:Ref="i47"/></URDFElement><URDFElement z:Id="i48" i:type="Limit"><Attributes><Attribute z:Id="i49"><AttributeType>lower</AttributeType><IsRequired>false</IsRequired><Value i:nil="true"/></Attribute><Attribute z:Id="i50"><AttributeType>upper</AttributeType><IsRequired>false</IsRequired><Value i:nil="true"/></Attribute><Attribute z:Id="i51"><AttributeType>effort</AttributeType><IsRequired>true</IsRequired><Value i:nil="true"/></Attribute><Attribute z:Id="i52"><AttributeType>velocity</AttributeType><IsRequired>true</IsRequired><Value i:nil="true"/></Attribute></Attributes><ChildElements/><ElementName>limit</ElementName><required>false</required><EffortAttribute z:Ref="i51"/><LowerAttribute z:Ref="i49"/><UpperAttribute z:Ref="i50"/><VelocityAttribute z:Ref="i52"/></URDFElement><URDFElement z:Id="i53" i:type="Calibration"><Attributes><Attribute z:Id="i54"><AttributeType>rising</AttributeType><IsRequired>false</IsRequired><Value i:nil="true"/></Attribute><Attribute z:Id="i55"><AttributeType>falling</AttributeType><IsRequired>false</IsRequired><Value i:nil="true"/></Attribute></Attributes><ChildElements/><ElementName>calibration</ElementName><required>false</required><FallingAttribute z:Ref="i55"/><RisingAttribute z:Ref="i54"/></URDFElement><URDFElement z:Id="i56" i:type="Dynamics"><Attributes><Attribute z:Id="i57"><AttributeType>damping</AttributeType><IsRequired>false</IsRequired><Value i:nil="true"/></Attribute><Attribute z:Id="i58"><AttributeType>friction</AttributeType><IsRequired>false</IsRequired><Value i:nil="true"/></Attribute></Attributes><ChildElements/><ElementName>dynamics</ElementName><required>false</required><DampingAttribute z:Ref="i57"/><FrictionAttribute z:Ref="i58"/></URDFElement><URDFElement z:Id="i59" i:type="SafetyController"><Attributes><Attribute z:Id="i60"><AttributeType>soft_upper_limit</AttributeType><IsRequired>false</IsRequired><Value i:nil="true"/></Attribute><Attribute z:Id="i61"><AttributeType>soft_lower_limit</AttributeType><IsRequired>false</IsRequired><Value i:nil="true"/></Attribute><Attribute z:Id="i62"><AttributeType>k_position</AttributeType><IsRequired>false</IsRequired><Value i:nil="true"/></Attribute><Attribute z:Id="i63"><AttributeType>k_velocity</AttributeType><IsRequired>true</IsRequired><Value i:nil="true"/></Attribute></Attributes><ChildElements/><ElementName>safety_controller</ElementName><required>false</required><KPositionAttribute z:Ref="i62"/><KVelocityAttribute z:Ref="i63"/><SoftLowerAttribute z:Ref="i61"/><SoftUpperAttribute z:Ref="i60"/></URDFElement><URDFElement z:Id="i64" i:type="Mimic"><Attributes><Attribute z:Id="i65"><AttributeType>joint</AttributeType><IsRequired>true</IsRequired><Value i:nil="true"/></Attribute><Attribute z:Id="i66"><AttributeType>multiplier</AttributeType><IsRequired>false</IsRequired><Value i:nil="true"/></Attribute><Attribute z:Id="i67"><AttributeType>offset</AttributeType><IsRequired>false</IsRequired><Value i:nil="true"/></Attribute></Attributes><ChildElements/><ElementName>mimic</ElementName><required>false</required><JointNameAttribute z:Ref="i65"/><MultiplierAttribute z:Ref="i66"/><OffsetAttribute z:Ref="i67"/></URDFElement></ChildElements><ElementName>joint</ElementName><required>false</required><Axis z:Ref="i46"/><AxisName/><Calibration z:Ref="i53"/><Child z:Ref="i44"/><CoordinateSystemName>Automatically Generate</CoordinateSystemName><Dynamics z:Ref="i56"/><Limit z:Ref="i48"/><Mimic z:Ref="i64"/><NameAttribute z:Ref="i37"/><Origin z:Ref="i39"/><Parent z:Ref="i42"/><Safety z:Ref="i59"/><TypeAttribute z:Ref="i38"/></URDFElement></ChildElements><ElementName>link</ElementName><required>true</required><Children/><Collision z:Ref="i29"/><Inertial z:Ref="i3"/><Joint z:Ref="i36"/><NameAttribute z:Ref="i2"/><Parent i:nil="true"/><STLQualityFine>false</STLQualityFine><SWComponentPIDs xmlns:a="http://schemas.microsoft.com/2003/10/Serialization/Arrays"/><SWMainComponentPID i:nil="true"/><Visual z:Ref="i16"/><isFixedFrame>false</isFixedFrame><isIncomplete>false</isIncomplete></Link>
2026-08-21 11:35:29,345 INFO  LinkNode.cs: 35 - Building node base_link
2026-08-21 11:35:29,346 INFO  CommonSwOperations.cs: 221 - Loading SolidWorks components for base_link from D:\AIDIN_workspace\Manipulator_Workspace\z_aidin_gripper\aidin_gripper_2.1(노옵션버전)\스텝파일\외부발송용 솔웍파일\ASSY_URDF.SLDASM
2026-08-21 11:35:29,348 INFO  CommonSwOperations.cs: 230 - Loaded 0 components for link base_link
2026-08-21 11:35:29,350 INFO  SwAddin.cs: 344 - Showing property manager
2026-08-21 11:35:36,792 INFO  ExportPropertyManager.cs: 416 - Configuration canceled
2026-08-21 11:35:36,821 INFO  ExportPropertyManager.cs: 1142 - AfterClose called. This method no longer throws an Exception. It just silently does nothing. Ok, except for this logging message
2026-08-21 11:35:43,332 INFO  SwAddin.cs: 294 - Assembly export called for file ASSY_URDF.SLDASM
2026-08-21 11:35:43,333 INFO  SwAddin.cs: 299 - Save is required
2026-08-21 11:35:43,333 INFO  SwAddin.cs: 313 - Saving assembly
2026-08-21 11:35:43,528 INFO  SwAddin.cs: 316 - Opening property manager
2026-08-21 11:35:43,529 INFO  ExportHelperExtension.cs: 1125 - Retrieving features of type [CoordSys] from ASSY_URDF.SLDASM
2026-08-21 11:35:43,530 INFO  ExportHelperExtension.cs: 1136 - Found 31 in ASSY_URDF.SLDASM
2026-08-21 11:35:43,531 INFO  ExportHelperExtension.cs: 1145 - Found 0 features of type [CoordSys] in ASSY_URDF.SLDASM
2026-08-21 11:35:43,531 INFO  ExportHelperExtension.cs: 1148 - Proceeding through assembly components
2026-08-21 11:35:43,532 INFO  ExportHelperExtension.cs: 1160 - 3 components to check
2026-08-21 11:35:43,532 INFO  ExportHelperExtension.cs: 1125 - Retrieving features of type [CoordSys] from grippe_finger-3
2026-08-21 11:35:43,533 INFO  ExportHelperExtension.cs: 1136 - Found 23 in grippe_finger-3
2026-08-21 11:35:43,533 INFO  ExportHelperExtension.cs: 1145 - Found 0 features of type [CoordSys] in grippe_finger-3
2026-08-21 11:35:43,533 INFO  ExportHelperExtension.cs: 1125 - Retrieving features of type [CoordSys] from grippe_finger-2
2026-08-21 11:35:43,534 INFO  ExportHelperExtension.cs: 1136 - Found 23 in grippe_finger-2
2026-08-21 11:35:43,534 INFO  ExportHelperExtension.cs: 1145 - Found 0 features of type [CoordSys] in grippe_finger-2
2026-08-21 11:35:43,535 INFO  ExportHelperExtension.cs: 1125 - Retrieving features of type [CoordSys] from gripper_base-2
2026-08-21 11:35:43,535 INFO  ExportHelperExtension.cs: 1136 - Found 30 in gripper_base-2
2026-08-21 11:35:43,536 INFO  ExportHelperExtension.cs: 1145 - Found 0 features of type [CoordSys] in gripper_base-2
2026-08-21 11:35:43,536 INFO  ExportHelperExtension.cs: 1125 - Retrieving features of type [RefAxis] from ASSY_URDF.SLDASM
2026-08-21 11:35:43,537 INFO  ExportHelperExtension.cs: 1136 - Found 31 in ASSY_URDF.SLDASM
2026-08-21 11:35:43,537 INFO  ExportHelperExtension.cs: 1145 - Found 0 features of type [RefAxis] in ASSY_URDF.SLDASM
2026-08-21 11:35:43,537 INFO  ExportHelperExtension.cs: 1148 - Proceeding through assembly components
2026-08-21 11:35:43,538 INFO  ExportHelperExtension.cs: 1160 - 3 components to check
2026-08-21 11:35:43,538 INFO  ExportHelperExtension.cs: 1125 - Retrieving features of type [RefAxis] from grippe_finger-3
2026-08-21 11:35:43,538 INFO  ExportHelperExtension.cs: 1136 - Found 23 in grippe_finger-3
2026-08-21 11:35:43,539 INFO  ExportHelperExtension.cs: 1145 - Found 0 features of type [RefAxis] in grippe_finger-3
2026-08-21 11:35:43,539 INFO  ExportHelperExtension.cs: 1125 - Retrieving features of type [RefAxis] from grippe_finger-2
2026-08-21 11:35:43,540 INFO  ExportHelperExtension.cs: 1136 - Found 23 in grippe_finger-2
2026-08-21 11:35:43,540 INFO  ExportHelperExtension.cs: 1145 - Found 0 features of type [RefAxis] in grippe_finger-2
2026-08-21 11:35:43,541 INFO  ExportHelperExtension.cs: 1125 - Retrieving features of type [RefAxis] from gripper_base-2
2026-08-21 11:35:43,541 INFO  ExportHelperExtension.cs: 1136 - Found 30 in gripper_base-2
2026-08-21 11:35:43,541 INFO  ExportHelperExtension.cs: 1145 - Found 0 features of type [RefAxis] in gripper_base-2
2026-08-21 11:35:43,644 INFO  SwAddin.cs: 339 - Loading config tree
2026-08-21 11:35:43,644 INFO  ExportPropertyManagerExtension.cs: 520 - Starting new configuration
2026-08-21 11:35:43,646 INFO  SwAddin.cs: 344 - Showing property manager
2026-08-21 11:36:04,597 INFO  ExportPropertyManager.cs: 1018 - OnComboboxSelectionChanged called. This method no longer throws an Exception. It just silently does nothing. Ok, except for this logging message
2026-08-21 11:36:05,777 INFO  ExportPropertyManager.cs: 1030 - OnGroupExpand called. This method no longer throws an Exception. It just silently does nothing. Ok, except for this logging message
2026-08-21 11:36:05,983 INFO  ExportPropertyManager.cs: 1030 - OnGroupExpand called. This method no longer throws an Exception. It just silently does nothing. Ok, except for this logging message
2026-08-21 11:36:07,900 INFO  ExportPropertyManager.cs: 1136 - OnNumberBoxTrackingCompleted called. This method no longer throws an Exception. It just silently does nothing. Ok, except for this logging message
2026-08-21 11:36:08,573 INFO  ExportPropertyManager.cs: 1136 - OnNumberBoxTrackingCompleted called. This method no longer throws an Exception. It just silently does nothing. Ok, except for this logging message
2026-08-21 11:36:09,999 INFO  ExportPropertyManager.cs: 1136 - OnNumberBoxTrackingCompleted called. This method no longer throws an Exception. It just silently does nothing. Ok, except for this logging message
2026-08-21 11:36:13,417 INFO  ExportPropertyManager.cs: 1136 - OnNumberBoxTrackingCompleted called. This method no longer throws an Exception. It just silently does nothing. Ok, except for this logging message
2026-08-21 11:36:14,719 INFO  ExportPropertyManager.cs: 1136 - OnNumberBoxTrackingCompleted called. This method no longer throws an Exception. It just silently does nothing. Ok, except for this logging message
2026-08-21 11:36:15,159 INFO  ExportPropertyManager.cs: 1136 - OnNumberBoxTrackingCompleted called. This method no longer throws an Exception. It just silently does nothing. Ok, except for this logging message
2026-08-21 11:36:42,928 INFO  ExportPropertyManager.cs: 422 - Configuration saved
2026-08-21 11:36:42,960 INFO  ExportPropertyManager.cs: 1142 - AfterClose called. This method no longer throws an Exception. It just silently does nothing. Ok, except for this logging message
2026-08-21 11:36:59,054 INFO  SwAddin.cs: 294 - Assembly export called for file ASSY_URDF.SLDASM
2026-08-21 11:36:59,055 INFO  SwAddin.cs: 299 - Save is required
2026-08-21 11:36:59,055 INFO  SwAddin.cs: 313 - Saving assembly
2026-08-21 11:36:59,231 INFO  SwAddin.cs: 316 - Opening property manager
2026-08-21 11:36:59,231 INFO  ExportHelperExtension.cs: 1125 - Retrieving features of type [CoordSys] from ASSY_URDF.SLDASM
2026-08-21 11:36:59,232 INFO  ExportHelperExtension.cs: 1136 - Found 31 in ASSY_URDF.SLDASM
2026-08-21 11:36:59,238 INFO  ExportHelperExtension.cs: 1145 - Found 0 features of type [CoordSys] in ASSY_URDF.SLDASM
2026-08-21 11:36:59,238 INFO  ExportHelperExtension.cs: 1148 - Proceeding through assembly components
2026-08-21 11:36:59,267 INFO  ExportHelperExtension.cs: 1160 - 3 components to check
2026-08-21 11:36:59,268 INFO  ExportHelperExtension.cs: 1125 - Retrieving features of type [CoordSys] from grippe_finger-3
2026-08-21 11:36:59,268 INFO  ExportHelperExtension.cs: 1136 - Found 23 in grippe_finger-3
2026-08-21 11:36:59,269 INFO  ExportHelperExtension.cs: 1145 - Found 0 features of type [CoordSys] in grippe_finger-3
2026-08-21 11:36:59,269 INFO  ExportHelperExtension.cs: 1125 - Retrieving features of type [CoordSys] from grippe_finger-2
2026-08-21 11:36:59,269 INFO  ExportHelperExtension.cs: 1136 - Found 23 in grippe_finger-2
2026-08-21 11:36:59,269 INFO  ExportHelperExtension.cs: 1145 - Found 0 features of type [CoordSys] in grippe_finger-2
2026-08-21 11:36:59,270 INFO  ExportHelperExtension.cs: 1125 - Retrieving features of type [CoordSys] from gripper_base-2
2026-08-21 11:36:59,270 INFO  ExportHelperExtension.cs: 1136 - Found 30 in gripper_base-2
2026-08-21 11:36:59,270 INFO  ExportHelperExtension.cs: 1145 - Found 0 features of type [CoordSys] in gripper_base-2
2026-08-21 11:36:59,271 INFO  ExportHelperExtension.cs: 1125 - Retrieving features of type [RefAxis] from ASSY_URDF.SLDASM
2026-08-21 11:36:59,271 INFO  ExportHelperExtension.cs: 1136 - Found 31 in ASSY_URDF.SLDASM
2026-08-21 11:36:59,271 INFO  ExportHelperExtension.cs: 1145 - Found 0 features of type [RefAxis] in ASSY_URDF.SLDASM
2026-08-21 11:36:59,271 INFO  ExportHelperExtension.cs: 1148 - Proceeding through assembly components
2026-08-21 11:36:59,272 INFO  ExportHelperExtension.cs: 1160 - 3 components to check
2026-08-21 11:36:59,272 INFO  ExportHelperExtension.cs: 1125 - Retrieving features of type [RefAxis] from grippe_finger-3
2026-08-21 11:36:59,272 INFO  ExportHelperExtension.cs: 1136 - Found 23 in grippe_finger-3
2026-08-21 11:36:59,272 INFO  ExportHelperExtension.cs: 1145 - Found 0 features of type [RefAxis] in grippe_finger-3
2026-08-21 11:36:59,273 INFO  ExportHelperExtension.cs: 1125 - Retrieving features of type [RefAxis] from grippe_finger-2
2026-08-21 11:36:59,273 INFO  ExportHelperExtension.cs: 1136 - Found 23 in grippe_finger-2
2026-08-21 11:36:59,273 INFO  ExportHelperExtension.cs: 1145 - Found 0 features of type [RefAxis] in grippe_finger-2
2026-08-21 11:36:59,273 INFO  ExportHelperExtension.cs: 1125 - Retrieving features of type [RefAxis] from gripper_base-2
2026-08-21 11:36:59,274 INFO  ExportHelperExtension.cs: 1136 - Found 30 in gripper_base-2
2026-08-21 11:36:59,274 INFO  ExportHelperExtension.cs: 1145 - Found 0 features of type [RefAxis] in gripper_base-2
2026-08-21 11:36:59,366 INFO  SwAddin.cs: 339 - Loading config tree
2026-08-21 11:36:59,366 INFO  ExportPropertyManagerExtension.cs: 520 - Starting new configuration
2026-08-21 11:36:59,368 INFO  SwAddin.cs: 344 - Showing property manager
2026-08-21 11:37:31,583 INFO  ExportPropertyManager.cs: 1018 - OnComboboxSelectionChanged called. This method no longer throws an Exception. It just silently does nothing. Ok, except for this logging message
2026-08-21 11:38:06,266 INFO  ExportPropertyManager.cs: 422 - Configuration saved
2026-08-21 11:38:06,296 INFO  ExportPropertyManager.cs: 1142 - AfterClose called. This method no longer throws an Exception. It just silently does nothing. Ok, except for this logging message
2026-08-21 11:38:38,088 INFO  SwAddin.cs: 294 - Assembly export called for file ASSY_URDF.SLDASM
2026-08-21 11:38:38,089 INFO  SwAddin.cs: 299 - Save is required
2026-08-21 11:38:38,089 INFO  SwAddin.cs: 313 - Saving assembly
2026-08-21 11:38:38,270 INFO  SwAddin.cs: 316 - Opening property manager
2026-08-21 11:38:38,271 INFO  ExportHelperExtension.cs: 1125 - Retrieving features of type [CoordSys] from ASSY_URDF.SLDASM
2026-08-21 11:38:38,271 INFO  ExportHelperExtension.cs: 1136 - Found 31 in ASSY_URDF.SLDASM
2026-08-21 11:38:38,272 INFO  ExportHelperExtension.cs: 1145 - Found 0 features of type [CoordSys] in ASSY_URDF.SLDASM
2026-08-21 11:38:38,272 INFO  ExportHelperExtension.cs: 1148 - Proceeding through assembly components
2026-08-21 11:38:38,272 INFO  ExportHelperExtension.cs: 1160 - 3 components to check
2026-08-21 11:38:38,273 INFO  ExportHelperExtension.cs: 1125 - Retrieving features of type [CoordSys] from grippe_finger-3
2026-08-21 11:38:38,273 INFO  ExportHelperExtension.cs: 1136 - Found 23 in grippe_finger-3
2026-08-21 11:38:38,273 INFO  ExportHelperExtension.cs: 1145 - Found 0 features of type [CoordSys] in grippe_finger-3
2026-08-21 11:38:38,273 INFO  ExportHelperExtension.cs: 1125 - Retrieving features of type [CoordSys] from grippe_finger-2
2026-08-21 11:38:38,274 INFO  ExportHelperExtension.cs: 1136 - Found 23 in grippe_finger-2
2026-08-21 11:38:38,274 INFO  ExportHelperExtension.cs: 1145 - Found 0 features of type [CoordSys] in grippe_finger-2
2026-08-21 11:38:38,274 INFO  ExportHelperExtension.cs: 1125 - Retrieving features of type [CoordSys] from gripper_base-2
2026-08-21 11:38:38,275 INFO  ExportHelperExtension.cs: 1136 - Found 30 in gripper_base-2
2026-08-21 11:38:38,275 INFO  ExportHelperExtension.cs: 1145 - Found 0 features of type [CoordSys] in gripper_base-2
2026-08-21 11:38:38,275 INFO  ExportHelperExtension.cs: 1125 - Retrieving features of type [RefAxis] from ASSY_URDF.SLDASM
2026-08-21 11:38:38,275 INFO  ExportHelperExtension.cs: 1136 - Found 31 in ASSY_URDF.SLDASM
2026-08-21 11:38:38,276 INFO  ExportHelperExtension.cs: 1145 - Found 0 features of type [RefAxis] in ASSY_URDF.SLDASM
2026-08-21 11:38:38,276 INFO  ExportHelperExtension.cs: 1148 - Proceeding through assembly components
2026-08-21 11:38:38,276 INFO  ExportHelperExtension.cs: 1160 - 3 components to check
2026-08-21 11:38:38,276 INFO  ExportHelperExtension.cs: 1125 - Retrieving features of type [RefAxis] from grippe_finger-3
2026-08-21 11:38:38,277 INFO  ExportHelperExtension.cs: 1136 - Found 23 in grippe_finger-3
2026-08-21 11:38:38,277 INFO  ExportHelperExtension.cs: 1145 - Found 0 features of type [RefAxis] in grippe_finger-3
2026-08-21 11:38:38,277 INFO  ExportHelperExtension.cs: 1125 - Retrieving features of type [RefAxis] from grippe_finger-2
2026-08-21 11:38:38,277 INFO  ExportHelperExtension.cs: 1136 - Found 23 in grippe_finger-2
2026-08-21 11:38:38,278 INFO  ExportHelperExtension.cs: 1145 - Found 0 features of type [RefAxis] in grippe_finger-2
2026-08-21 11:38:38,278 INFO  ExportHelperExtension.cs: 1125 - Retrieving features of type [RefAxis] from gripper_base-2
2026-08-21 11:38:38,278 INFO  ExportHelperExtension.cs: 1136 - Found 30 in gripper_base-2
2026-08-21 11:38:38,279 INFO  ExportHelperExtension.cs: 1145 - Found 0 features of type [RefAxis] in gripper_base-2
2026-08-21 11:38:38,369 INFO  SwAddin.cs: 339 - Loading config tree
2026-08-21 11:38:38,370 INFO  ExportPropertyManagerExtension.cs: 520 - Starting new configuration
2026-08-21 11:38:38,371 INFO  SwAddin.cs: 344 - Showing property manager
2026-08-21 11:39:36,987 INFO  ExportPropertyManager.cs: 1018 - OnComboboxSelectionChanged called. This method no longer throws an Exception. It just silently does nothing. Ok, except for this logging message
2026-08-21 11:39:46,416 INFO  ExportPropertyManager.cs: 1018 - OnComboboxSelectionChanged called. This method no longer throws an Exception. It just silently does nothing. Ok, except for this logging message
2026-08-21 11:40:55,532 INFO  ExportPropertyManager.cs: 1018 - OnComboboxSelectionChanged called. This method no longer throws an Exception. It just silently does nothing. Ok, except for this logging message
2026-08-21 11:40:57,867 INFO  ExportPropertyManager.cs: 1018 - OnComboboxSelectionChanged called. This method no longer throws an Exception. It just silently does nothing. Ok, except for this logging message
2026-08-21 11:42:03,976 INFO  ExportPropertyManager.cs: 1136 - OnNumberBoxTrackingCompleted called. This method no longer throws an Exception. It just silently does nothing. Ok, except for this logging message
2026-08-21 11:42:04,331 INFO  ExportPropertyManager.cs: 1136 - OnNumberBoxTrackingCompleted called. This method no longer throws an Exception. It just silently does nothing. Ok, except for this logging message
2026-08-21 11:42:04,523 INFO  ExportPropertyManager.cs: 1136 - OnNumberBoxTrackingCompleted called. This method no longer throws an Exception. It just silently does nothing. Ok, except for this logging message
2026-08-21 11:42:04,696 INFO  ExportPropertyManager.cs: 1136 - OnNumberBoxTrackingCompleted called. This method no longer throws an Exception. It just silently does nothing. Ok, except for this logging message
2026-08-21 11:42:05,629 INFO  ExportPropertyManager.cs: 1136 - OnNumberBoxTrackingCompleted called. This method no longer throws an Exception. It just silently does nothing. Ok, except for this logging message
2026-08-21 11:42:05,774 INFO  ExportPropertyManager.cs: 1136 - OnNumberBoxTrackingCompleted called. This method no longer throws an Exception. It just silently does nothing. Ok, except for this logging message
2026-08-21 11:45:21,033 INFO  ExportPropertyManager.cs: 1136 - OnNumberBoxTrackingCompleted called. This method no longer throws an Exception. It just silently does nothing. Ok, except for this logging message
2026-08-21 11:45:23,154 INFO  ExportPropertyManager.cs: 1136 - OnNumberBoxTrackingCompleted called. This method no longer throws an Exception. It just silently does nothing. Ok, except for this logging message
2026-08-21 11:45:39,284 INFO  ExportPropertyManager.cs: 1018 - OnComboboxSelectionChanged called. This method no longer throws an Exception. It just silently does nothing. Ok, except for this logging message
2026-08-21 11:45:41,561 INFO  ExportPropertyManager.cs: 1018 - OnComboboxSelectionChanged called. This method no longer throws an Exception. It just silently does nothing. Ok, except for this logging message
2026-08-21 11:46:34,329 INFO  ExportPropertyManager.cs: 1018 - OnComboboxSelectionChanged called. This method no longer throws an Exception. It just silently does nothing. Ok, except for this logging message
2026-08-21 11:46:49,051 INFO  ExportPropertyManager.cs: 422 - Configuration saved
2026-08-21 11:46:49,085 INFO  ExportPropertyManager.cs: 1142 - AfterClose called. This method no longer throws an Exception. It just silently does nothing. Ok, except for this logging message
2026-08-21 11:47:52,628 INFO  SwAddin.cs: 294 - Assembly export called for file ASSY_URDF.SLDASM
2026-08-21 11:47:52,629 INFO  SwAddin.cs: 299 - Save is required
2026-08-21 11:47:52,629 INFO  SwAddin.cs: 313 - Saving assembly
2026-08-21 11:47:52,804 INFO  SwAddin.cs: 316 - Opening property manager
2026-08-21 11:47:52,805 INFO  ExportHelperExtension.cs: 1125 - Retrieving features of type [CoordSys] from ASSY_URDF.SLDASM
2026-08-21 11:47:52,805 INFO  ExportHelperExtension.cs: 1136 - Found 31 in ASSY_URDF.SLDASM
2026-08-21 11:47:52,806 INFO  ExportHelperExtension.cs: 1145 - Found 0 features of type [CoordSys] in ASSY_URDF.SLDASM
2026-08-21 11:47:52,806 INFO  ExportHelperExtension.cs: 1148 - Proceeding through assembly components
2026-08-21 11:47:52,806 INFO  ExportHelperExtension.cs: 1160 - 3 components to check
2026-08-21 11:47:52,806 INFO  ExportHelperExtension.cs: 1125 - Retrieving features of type [CoordSys] from grippe_finger-3
2026-08-21 11:47:52,806 INFO  ExportHelperExtension.cs: 1136 - Found 23 in grippe_finger-3
2026-08-21 11:47:52,806 INFO  ExportHelperExtension.cs: 1145 - Found 0 features of type [CoordSys] in grippe_finger-3
2026-08-21 11:47:52,806 INFO  ExportHelperExtension.cs: 1125 - Retrieving features of type [CoordSys] from grippe_finger-2
2026-08-21 11:47:52,807 INFO  ExportHelperExtension.cs: 1136 - Found 23 in grippe_finger-2
2026-08-21 11:47:52,807 INFO  ExportHelperExtension.cs: 1145 - Found 0 features of type [CoordSys] in grippe_finger-2
2026-08-21 11:47:52,807 INFO  ExportHelperExtension.cs: 1125 - Retrieving features of type [CoordSys] from gripper_base-2
2026-08-21 11:47:52,808 INFO  ExportHelperExtension.cs: 1136 - Found 30 in gripper_base-2
2026-08-21 11:47:52,808 INFO  ExportHelperExtension.cs: 1145 - Found 0 features of type [CoordSys] in gripper_base-2
2026-08-21 11:47:52,808 INFO  ExportHelperExtension.cs: 1125 - Retrieving features of type [RefAxis] from ASSY_URDF.SLDASM
2026-08-21 11:47:52,809 INFO  ExportHelperExtension.cs: 1136 - Found 31 in ASSY_URDF.SLDASM
2026-08-21 11:47:52,809 INFO  ExportHelperExtension.cs: 1145 - Found 0 features of type [RefAxis] in ASSY_URDF.SLDASM
2026-08-21 11:47:52,809 INFO  ExportHelperExtension.cs: 1148 - Proceeding through assembly components
2026-08-21 11:47:52,809 INFO  ExportHelperExtension.cs: 1160 - 3 components to check
2026-08-21 11:47:52,810 INFO  ExportHelperExtension.cs: 1125 - Retrieving features of type [RefAxis] from grippe_finger-3
2026-08-21 11:47:52,810 INFO  ExportHelperExtension.cs: 1136 - Found 23 in grippe_finger-3
2026-08-21 11:47:52,810 INFO  ExportHelperExtension.cs: 1145 - Found 0 features of type [RefAxis] in grippe_finger-3
2026-08-21 11:47:52,810 INFO  ExportHelperExtension.cs: 1125 - Retrieving features of type [RefAxis] from grippe_finger-2
2026-08-21 11:47:52,811 INFO  ExportHelperExtension.cs: 1136 - Found 23 in grippe_finger-2
2026-08-21 11:47:52,811 INFO  ExportHelperExtension.cs: 1145 - Found 0 features of type [RefAxis] in grippe_finger-2
2026-08-21 11:47:52,811 INFO  ExportHelperExtension.cs: 1125 - Retrieving features of type [RefAxis] from gripper_base-2
2026-08-21 11:47:52,812 INFO  ExportHelperExtension.cs: 1136 - Found 30 in gripper_base-2
2026-08-21 11:47:52,812 INFO  ExportHelperExtension.cs: 1145 - Found 0 features of type [RefAxis] in gripper_base-2
2026-08-21 11:47:52,900 INFO  SwAddin.cs: 339 - Loading config tree
2026-08-21 11:47:52,901 INFO  ExportPropertyManagerExtension.cs: 520 - Starting new configuration
2026-08-21 11:47:52,903 INFO  SwAddin.cs: 344 - Showing property manager
2026-08-21 11:47:56,311 INFO  ExportPropertyManager.cs: 1136 - OnNumberBoxTrackingCompleted called. This method no longer throws an Exception. It just silently does nothing. Ok, except for this logging message
2026-08-21 11:47:56,701 INFO  ExportPropertyManager.cs: 1136 - OnNumberBoxTrackingCompleted called. This method no longer throws an Exception. It just silently does nothing. Ok, except for this logging message
2026-08-21 11:48:17,970 INFO  ExportPropertyManager.cs: 1018 - OnComboboxSelectionChanged called. This method no longer throws an Exception. It just silently does nothing. Ok, except for this logging message
2026-08-21 11:48:22,038 INFO  ExportPropertyManager.cs: 1018 - OnComboboxSelectionChanged called. This method no longer throws an Exception. It just silently does nothing. Ok, except for this logging message
2026-08-21 11:49:10,078 INFO  ExportPropertyManager.cs: 1136 - OnNumberBoxTrackingCompleted called. This method no longer throws an Exception. It just silently does nothing. Ok, except for this logging message
2026-08-21 11:49:10,680 INFO  ExportPropertyManager.cs: 1136 - OnNumberBoxTrackingCompleted called. This method no longer throws an Exception. It just silently does nothing. Ok, except for this logging message
2026-08-21 11:49:12,353 INFO  ExportPropertyManager.cs: 416 - Configuration canceled
2026-08-21 11:49:12,383 INFO  ExportPropertyManager.cs: 1142 - AfterClose called. This method no longer throws an Exception. It just silently does nothing. Ok, except for this logging message
2026-08-21 11:49:17,741 INFO  SwAddin.cs: 294 - Assembly export called for file ASSY_URDF.SLDASM
2026-08-21 11:49:22,235 INFO  SwAddin.cs: 313 - Saving assembly
2026-08-21 11:49:22,344 INFO  SwAddin.cs: 316 - Opening property manager
2026-08-21 11:49:22,345 INFO  ExportHelperExtension.cs: 1125 - Retrieving features of type [CoordSys] from ASSY_URDF.SLDASM
2026-08-21 11:49:22,345 INFO  ExportHelperExtension.cs: 1136 - Found 31 in ASSY_URDF.SLDASM
2026-08-21 11:49:22,345 INFO  ExportHelperExtension.cs: 1145 - Found 0 features of type [CoordSys] in ASSY_URDF.SLDASM
2026-08-21 11:49:22,346 INFO  ExportHelperExtension.cs: 1148 - Proceeding through assembly components
2026-08-21 11:49:22,346 INFO  ExportHelperExtension.cs: 1160 - 3 components to check
2026-08-21 11:49:22,346 INFO  ExportHelperExtension.cs: 1125 - Retrieving features of type [CoordSys] from grippe_finger-3
2026-08-21 11:49:22,347 INFO  ExportHelperExtension.cs: 1136 - Found 23 in grippe_finger-3
2026-08-21 11:49:22,347 INFO  ExportHelperExtension.cs: 1145 - Found 0 features of type [CoordSys] in grippe_finger-3
2026-08-21 11:49:22,347 INFO  ExportHelperExtension.cs: 1125 - Retrieving features of type [CoordSys] from grippe_finger-2
2026-08-21 11:49:22,348 INFO  ExportHelperExtension.cs: 1136 - Found 23 in grippe_finger-2
2026-08-21 11:49:22,348 INFO  ExportHelperExtension.cs: 1145 - Found 0 features of type [CoordSys] in grippe_finger-2
2026-08-21 11:49:22,348 INFO  ExportHelperExtension.cs: 1125 - Retrieving features of type [CoordSys] from gripper_base-2
2026-08-21 11:49:22,348 INFO  ExportHelperExtension.cs: 1136 - Found 30 in gripper_base-2
2026-08-21 11:49:22,349 INFO  ExportHelperExtension.cs: 1145 - Found 0 features of type [CoordSys] in gripper_base-2
2026-08-21 11:49:22,349 INFO  ExportHelperExtension.cs: 1125 - Retrieving features of type [RefAxis] from ASSY_URDF.SLDASM
2026-08-21 11:49:22,349 INFO  ExportHelperExtension.cs: 1136 - Found 31 in ASSY_URDF.SLDASM
2026-08-21 11:49:22,350 INFO  ExportHelperExtension.cs: 1145 - Found 0 features of type [RefAxis] in ASSY_URDF.SLDASM
2026-08-21 11:49:22,350 INFO  ExportHelperExtension.cs: 1148 - Proceeding through assembly components
2026-08-21 11:49:22,350 INFO  ExportHelperExtension.cs: 1160 - 3 components to check
2026-08-21 11:49:22,350 INFO  ExportHelperExtension.cs: 1125 - Retrieving features of type [RefAxis] from grippe_finger-3
2026-08-21 11:49:22,351 INFO  ExportHelperExtension.cs: 1136 - Found 23 in grippe_finger-3
2026-08-21 11:49:22,351 INFO  ExportHelperExtension.cs: 1145 - Found 0 features of type [RefAxis] in grippe_finger-3
2026-08-21 11:49:22,351 INFO  ExportHelperExtension.cs: 1125 - Retrieving features of type [RefAxis] from grippe_finger-2
2026-08-21 11:49:22,352 INFO  ExportHelperExtension.cs: 1136 - Found 23 in grippe_finger-2
2026-08-21 11:49:22,352 INFO  ExportHelperExtension.cs: 1145 - Found 0 features of type [RefAxis] in grippe_finger-2
2026-08-21 11:49:22,352 INFO  ExportHelperExtension.cs: 1125 - Retrieving features of type [RefAxis] from gripper_base-2
2026-08-21 11:49:22,353 INFO  ExportHelperExtension.cs: 1136 - Found 30 in gripper_base-2
2026-08-21 11:49:22,353 INFO  ExportHelperExtension.cs: 1145 - Found 0 features of type [RefAxis] in gripper_base-2
2026-08-21 11:49:22,394 INFO  SwAddin.cs: 339 - Loading config tree
2026-08-21 11:49:22,395 INFO  ExportPropertyManagerExtension.cs: 520 - Starting new configuration
2026-08-21 11:49:22,396 INFO  SwAddin.cs: 344 - Showing property manager
2026-08-21 11:49:32,355 INFO  ExportPropertyManager.cs: 1036 - OnListboxSelectionChanged called. This method no longer throws an Exception. It just silently does nothing. Ok, except for this logging message
2026-08-21 11:49:38,499 INFO  ExportPropertyManager.cs: 1136 - OnNumberBoxTrackingCompleted called. This method no longer throws an Exception. It just silently does nothing. Ok, except for this logging message
2026-08-21 11:49:39,070 INFO  ExportPropertyManager.cs: 1136 - OnNumberBoxTrackingCompleted called. This method no longer throws an Exception. It just silently does nothing. Ok, except for this logging message
2026-08-21 11:49:59,626 INFO  ExportPropertyManager.cs: 422 - Configuration saved
2026-08-21 11:50:00,426 INFO  ExportHelperExtension.cs: 347 - Creating joint Empty_Link1
2026-08-21 11:50:00,432 INFO  ExportHelperExtension.cs: 1397 - Fixing components for base_link
2026-08-21 11:50:00,433 INFO  ExportHelperExtension.cs: 1402 - Fixing 26
2026-08-21 11:50:00,433 INFO  ExportHelperExtension.cs: 1409 - Component 26 is already fixed
2026-08-21 11:50:00,600 INFO  ExportHelperExtension.cs: 832 - R1: 0, 0
2026-08-21 11:50:00,601 INFO  ExportHelperExtension.cs: 841 - R2: 0, 0
2026-08-21 11:50:00,718 INFO  : 0 - L1: 1, System.Double[]
2026-08-21 11:50:00,720 INFO  ExportHelperExtension.cs: 857 - L2: 0
2026-08-21 11:50:00,830 INFO  ExportHelperExtension.cs: 1247 - Parent SW Component: gripper_base-2
2026-08-21 11:50:00,830 INFO  ExportHelperExtension.cs: 1248 - Child SW Component: grippe_finger-2
2026-08-21 11:50:00,831 INFO  ExportHelperExtension.cs: 1253 - Determining limit mate eligibility 
2026-08-21 11:50:00,832 INFO  ExportHelperExtension.cs: 1259 - Adding component entity: grippe_finger-2
2026-08-21 11:50:00,832 INFO  ExportHelperExtension.cs: 1259 - Adding component entity: ASSY_URDF
2026-08-21 11:50:01,703 WARN  ExportHelperExtension.cs: 351 - Creating joint from parent base_link to child Empty_Link1 failed
2026-08-21 11:50:01,711 INFO  ExportHelperExtension.cs: 347 - Creating joint Empty_Link2
2026-08-21 11:50:01,711 INFO  ExportHelperExtension.cs: 1397 - Fixing components for base_link
2026-08-21 11:50:01,712 INFO  ExportHelperExtension.cs: 1402 - Fixing 26
2026-08-21 11:50:01,712 INFO  ExportHelperExtension.cs: 1409 - Component 26 is already fixed
2026-08-21 11:50:01,887 INFO  ExportHelperExtension.cs: 832 - R1: 0, 0
2026-08-21 11:50:01,888 INFO  ExportHelperExtension.cs: 841 - R2: 0, 0
2026-08-21 11:50:01,888 INFO  ExportHelperExtension.cs: 845 - L1: 1, System.Double[]
2026-08-21 11:50:01,889 INFO  ExportHelperExtension.cs: 857 - L2: 0
2026-08-21 11:50:01,964 INFO  ExportHelperExtension.cs: 1247 - Parent SW Component: gripper_base-2
2026-08-21 11:50:01,965 INFO  ExportHelperExtension.cs: 1248 - Child SW Component: grippe_finger-3
2026-08-21 11:50:01,965 INFO  ExportHelperExtension.cs: 1253 - Determining limit mate eligibility 
2026-08-21 11:50:01,965 INFO  ExportHelperExtension.cs: 1259 - Adding component entity: grippe_finger-3
2026-08-21 11:50:01,965 INFO  ExportHelperExtension.cs: 1259 - Adding component entity: ASSY_URDF
2026-08-21 11:50:02,759 WARN  ExportHelperExtension.cs: 351 - Creating joint from parent base_link to child Empty_Link2 failed
2026-08-21 11:50:02,807 INFO  ExportHelperExtension.cs: 1125 - Retrieving features of type [CoordSys] from ASSY_URDF.SLDASM
2026-08-21 11:50:02,808 INFO  ExportHelperExtension.cs: 1136 - Found 38 in ASSY_URDF.SLDASM
2026-08-21 11:50:02,809 INFO  ExportHelperExtension.cs: 1145 - Found 3 features of type [CoordSys] in ASSY_URDF.SLDASM
2026-08-21 11:50:02,809 INFO  ExportHelperExtension.cs: 1148 - Proceeding through assembly components
2026-08-21 11:50:02,809 INFO  ExportHelperExtension.cs: 1160 - 3 components to check
2026-08-21 11:50:02,810 INFO  ExportHelperExtension.cs: 1125 - Retrieving features of type [CoordSys] from grippe_finger-3
2026-08-21 11:50:02,810 INFO  ExportHelperExtension.cs: 1136 - Found 23 in grippe_finger-3
2026-08-21 11:50:02,810 INFO  ExportHelperExtension.cs: 1145 - Found 0 features of type [CoordSys] in grippe_finger-3
2026-08-21 11:50:02,811 INFO  ExportHelperExtension.cs: 1125 - Retrieving features of type [CoordSys] from grippe_finger-2
2026-08-21 11:50:02,811 INFO  ExportHelperExtension.cs: 1136 - Found 23 in grippe_finger-2
2026-08-21 11:50:02,811 INFO  ExportHelperExtension.cs: 1145 - Found 0 features of type [CoordSys] in grippe_finger-2
2026-08-21 11:50:02,811 INFO  ExportHelperExtension.cs: 1125 - Retrieving features of type [CoordSys] from gripper_base-2
2026-08-21 11:50:02,812 INFO  ExportHelperExtension.cs: 1136 - Found 30 in gripper_base-2
2026-08-21 11:50:02,812 INFO  ExportHelperExtension.cs: 1145 - Found 0 features of type [CoordSys] in gripper_base-2
2026-08-21 11:50:02,812 INFO  ExportHelperExtension.cs: 1125 - Retrieving features of type [RefAxis] from ASSY_URDF.SLDASM
2026-08-21 11:50:02,813 INFO  ExportHelperExtension.cs: 1136 - Found 38 in ASSY_URDF.SLDASM
2026-08-21 11:50:02,813 INFO  ExportHelperExtension.cs: 1145 - Found 2 features of type [RefAxis] in ASSY_URDF.SLDASM
2026-08-21 11:50:02,813 INFO  ExportHelperExtension.cs: 1148 - Proceeding through assembly components
2026-08-21 11:50:02,813 INFO  ExportHelperExtension.cs: 1160 - 3 components to check
2026-08-21 11:50:02,814 INFO  ExportHelperExtension.cs: 1125 - Retrieving features of type [RefAxis] from grippe_finger-3
2026-08-21 11:50:02,814 INFO  ExportHelperExtension.cs: 1136 - Found 23 in grippe_finger-3
2026-08-21 11:50:02,814 INFO  ExportHelperExtension.cs: 1145 - Found 0 features of type [RefAxis] in grippe_finger-3
2026-08-21 11:50:02,815 INFO  ExportHelperExtension.cs: 1125 - Retrieving features of type [RefAxis] from grippe_finger-2
2026-08-21 11:50:02,815 INFO  ExportHelperExtension.cs: 1136 - Found 23 in grippe_finger-2
2026-08-21 11:50:02,815 INFO  ExportHelperExtension.cs: 1145 - Found 0 features of type [RefAxis] in grippe_finger-2
2026-08-21 11:50:02,815 INFO  ExportHelperExtension.cs: 1125 - Retrieving features of type [RefAxis] from gripper_base-2
2026-08-21 11:50:02,816 INFO  ExportHelperExtension.cs: 1136 - Found 30 in gripper_base-2
2026-08-21 11:50:02,821 INFO  ExportHelperExtension.cs: 1145 - Found 0 features of type [RefAxis] in gripper_base-2
2026-08-21 11:50:02,881 INFO  ExportPropertyManager.cs: 1142 - AfterClose called. This method no longer throws an Exception. It just silently does nothing. Ok, except for this logging message
2026-08-21 11:51:44,914 INFO  AssemblyExportForm.cs: 253 - Completing URDF export
2026-08-21 11:51:44,916 INFO  ConfigurationSerialization.cs: 276 - URDF Configuration found
<Link z:Id="i1" xmlns="http://schemas.datacontract.org/2004/07/SW2URDF" xmlns:i="http://www.w3.org/2001/XMLSchema-instance" xmlns:z="http://schemas.microsoft.com/2003/10/Serialization/"><Attributes><Attribute z:Id="i2"><AttributeType>name</AttributeType><IsRequired>true</IsRequired><Value i:type="a:string" xmlns:a="http://www.w3.org/2001/XMLSchema">base_link</Value></Attribute></Attributes><ChildElements><URDFElement z:Id="i3" i:type="Inertial"><Attributes/><ChildElements><URDFElement z:Id="i4" i:type="Origin"><Attributes><Attribute z:Id="i5"><AttributeType>xyz</AttributeType><IsRequired>true</IsRequired><Value i:type="a:ArrayOfdouble" xmlns:a="http://schemas.microsoft.com/2003/10/Serialization/Arrays"><a:double>0</a:double><a:double>0</a:double><a:double>0</a:double></Value></Attribute><Attribute z:Id="i6"><AttributeType>rpy</AttributeType><IsRequired>true</IsRequired><Value i:type="a:ArrayOfdouble" xmlns:a="http://schemas.microsoft.com/2003/10/Serialization/Arrays"><a:double>0</a:double><a:double>0</a:double><a:double>0</a:double></Value></Attribute></Attributes><ChildElements/><ElementName>origin</ElementName><required>false</required><RPYAttribute z:Ref="i6"/><XYZAttribute z:Ref="i5"/><isCustomized>false</isCustomized></URDFElement><URDFElement z:Id="i7" i:type="Mass"><Attributes><Attribute z:Id="i8"><AttributeType>value</AttributeType><IsRequired>true</IsRequired><Value i:type="a:double" xmlns:a="http://www.w3.org/2001/XMLSchema">0</Value></Attribute></Attributes><ChildElements/><ElementName>mass</ElementName><required>false</required><ValueAttribute z:Ref="i8"/></URDFElement><URDFElement z:Id="i9" i:type="Inertia"><Attributes><Attribute z:Id="i10"><AttributeType>ixx</AttributeType><IsRequired>true</IsRequired><Value i:type="a:double" xmlns:a="http://www.w3.org/2001/XMLSchema">0</Value></Attribute><Attribute z:Id="i11"><AttributeType>ixy</AttributeType><IsRequired>true</IsRequired><Value i:type="a:double" xmlns:a="http://www.w3.org/2001/XMLSchema">0</Value></Attribute><Attribute z:Id="i12"><AttributeType>ixz</AttributeType><IsRequired>true</IsRequired><Value i:type="a:double" xmlns:a="http://www.w3.org/2001/XMLSchema">0</Value></Attribute><Attribute z:Id="i13"><AttributeType>iyy</AttributeType><IsRequired>true</IsRequired><Value i:type="a:double" xmlns:a="http://www.w3.org/2001/XMLSchema">0</Value></Attribute><Attribute z:Id="i14"><AttributeType>iyz</AttributeType><IsRequired>true</IsRequired><Value i:type="a:double" xmlns:a="http://www.w3.org/2001/XMLSchema">0</Value></Attribute><Attribute z:Id="i15"><AttributeType>izz</AttributeType><IsRequired>true</IsRequired><Value i:type="a:double" xmlns:a="http://www.w3.org/2001/XMLSchema">0</Value></Attribute></Attributes><ChildElements/><ElementName>inertia</ElementName><required>false</required><IxxAttribute z:Ref="i10"/><IxyAttribute z:Ref="i11"/><IxzAttribute z:Ref="i12"/><IyyAttribute z:Ref="i13"/><IyzAttribute z:Ref="i14"/><IzzAttribute z:Ref="i15"/></URDFElement></ChildElements><ElementName>inertial</ElementName><required>false</required><Inertia z:Ref="i9"/><Mass z:Ref="i7"/><Origin z:Ref="i4"/></URDFElement><URDFElement z:Id="i16" i:type="Visual"><Attributes/><ChildElements><URDFElement z:Id="i17" i:type="Origin"><Attributes><Attribute z:Id="i18"><AttributeType>xyz</AttributeType><IsRequired>true</IsRequired><Value i:type="a:ArrayOfdouble" xmlns:a="http://schemas.microsoft.com/2003/10/Serialization/Arrays"><a:double>0</a:double><a:double>0</a:double><a:double>0</a:double></Value></Attribute><Attribute z:Id="i19"><AttributeType>rpy</AttributeType><IsRequired>true</IsRequired><Value i:type="a:ArrayOfdouble" xmlns:a="http://schemas.microsoft.com/2003/10/Serialization/Arrays"><a:double>0</a:double><a:double>0</a:double><a:double>0</a:double></Value></Attribute></Attributes><ChildElements/><ElementName>origin</ElementName><required>false</required><RPYAttribute z:Ref="i19"/><XYZAttribute z:Ref="i18"/><isCustomized>false</isCustomized></URDFElement><URDFElement z:Id="i20" i:type="Geometry"><Attributes/><ChildElements><URDFElement z:Id="i21" i:type="Mesh"><Attributes><Attribute z:Id="i22"><AttributeType>filename</AttributeType><IsRequired>true</IsRequired><Value i:nil="true"/></Attribute></Attributes><ChildElements/><ElementName>mesh</ElementName><required>false</required><FilenameAttribute z:Ref="i22"/></URDFElement></ChildElements><ElementName>geometry</ElementName><required>true</required><Mesh z:Ref="i21"/></URDFElement><URDFElement z:Id="i23" i:type="Material"><Attributes><Attribute z:Id="i24"><AttributeType>name</AttributeType><IsRequired>true</IsRequired><Value i:type="a:string" xmlns:a="http://www.w3.org/2001/XMLSchema"/></Attribute></Attributes><ChildElements><URDFElement z:Id="i25" i:type="Color"><Attributes><Attribute z:Id="i26"><AttributeType>rgba</AttributeType><IsRequired>true</IsRequired><Value i:type="a:ArrayOfdouble" xmlns:a="http://schemas.microsoft.com/2003/10/Serialization/Arrays"><a:double>1</a:double><a:double>1</a:double><a:double>1</a:double><a:double>1</a:double></Value></Attribute></Attributes><ChildElements/><ElementName>color</ElementName><required>false</required><RGBAAttribute z:Ref="i26"/></URDFElement><URDFElement z:Id="i27" i:type="Texture"><Attributes><Attribute z:Id="i28"><AttributeType>filename</AttributeType><IsRequired>true</IsRequired><Value i:nil="true"/></Attribute></Attributes><ChildElements/><ElementName>texture</ElementName><required>false</required><FilenameAttribute z:Ref="i28"/><wFilename/></URDFElement></ChildElements><ElementName>material</ElementName><required>false</required><Color z:Ref="i25"/><NameAttribute z:Ref="i24"/><Texture z:Ref="i27"/></URDFElement></ChildElements><ElementName>visual</ElementName><required>false</required><Geometry z:Ref="i20"/><Material z:Ref="i23"/><Origin z:Ref="i17"/></URDFElement><URDFElement z:Id="i29" i:type="Collision"><Attributes/><ChildElements><URDFElement z:Id="i30" i:type="Origin"><Attributes><Attribute z:Id="i31"><AttributeType>xyz</AttributeType><IsRequired>true</IsRequired><Value i:type="a:ArrayOfdouble" xmlns:a="http://schemas.microsoft.com/2003/10/Serialization/Arrays"><a:double>0</a:double><a:double>0</a:double><a:double>0</a:double></Value></Attribute><Attribute z:Id="i32"><AttributeType>rpy</AttributeType><IsRequired>true</IsRequired><Value i:type="a:ArrayOfdouble" xmlns:a="http://schemas.microsoft.com/2003/10/Serialization/Arrays"><a:double>0</a:double><a:double>0</a:double><a:double>0</a:double></Value></Attribute></Attributes><ChildElements/><ElementName>origin</ElementName><required>false</required><RPYAttribute z:Ref="i32"/><XYZAttribute z:Ref="i31"/><isCustomized>false</isCustomized></URDFElement><URDFElement z:Id="i33" i:type="Geometry"><Attributes/><ChildElements><URDFElement z:Id="i34" i:type="Mesh"><Attributes><Attribute z:Id="i35"><AttributeType>filename</AttributeType><IsRequired>true</IsRequired><Value i:nil="true"/></Attribute></Attributes><ChildElements/><ElementName>mesh</ElementName><required>false</required><FilenameAttribute z:Ref="i35"/></URDFElement></ChildElements><ElementName>geometry</ElementName><required>true</required><Mesh z:Ref="i34"/></URDFElement></ChildElements><ElementName>collision</ElementName><required>false</required><Geometry z:Ref="i33"/><Origin z:Ref="i30"/></URDFElement><URDFElement z:Id="i36" i:type="Joint"><Attributes><Attribute z:Id="i37"><AttributeType>name</AttributeType><IsRequired>true</IsRequired><Value i:type="a:string" xmlns:a="http://www.w3.org/2001/XMLSchema"/></Attribute><Attribute z:Id="i38"><AttributeType>type</AttributeType><IsRequired>true</IsRequired><Value i:type="a:string" xmlns:a="http://www.w3.org/2001/XMLSchema"/></Attribute></Attributes><ChildElements><URDFElement z:Id="i39" i:type="Origin"><Attributes><Attribute z:Id="i40"><AttributeType>xyz</AttributeType><IsRequired>true</IsRequired><Value i:type="a:ArrayOfdouble" xmlns:a="http://schemas.microsoft.com/2003/10/Serialization/Arrays"><a:double>0</a:double><a:double>0</a:double><a:double>0</a:double></Value></Attribute><Attribute z:Id="i41"><AttributeType>rpy</AttributeType><IsRequired>true</IsRequired><Value i:type="a:ArrayOfdouble" xmlns:a="http://schemas.microsoft.com/2003/10/Serialization/Arrays"><a:double>0</a:double><a:double>0</a:double><a:double>0</a:double></Value></Attribute></Attributes><ChildElements/><ElementName>origin</ElementName><required>false</required><RPYAttribute z:Ref="i41"/><XYZAttribute z:Ref="i40"/><isCustomized>false</isCustomized></URDFElement><URDFElement z:Id="i42" i:type="ParentLink"><Attributes><Attribute z:Id="i43"><AttributeType>link</AttributeType><IsRequired>true</IsRequired><Value i:type="a:string" xmlns:a="http://www.w3.org/2001/XMLSchema"/></Attribute></Attributes><ChildElements/><ElementName>parent</ElementName><required>true</required><NameAttribute z:Ref="i43"/></URDFElement><URDFElement z:Id="i44" i:type="ChildLink"><Attributes><Attribute z:Id="i45"><AttributeType>link</AttributeType><IsRequired>true</IsRequired><Value i:type="a:string" xmlns:a="http://www.w3.org/2001/XMLSchema"/></Attribute></Attributes><ChildElements/><ElementName>child</ElementName><required>true</required><NameAttribute z:Ref="i45"/></URDFElement><URDFElement z:Id="i46" i:type="Axis"><Attributes><Attribute z:Id="i47"><AttributeType>xyz</AttributeType><IsRequired>true</IsRequired><Value i:type="a:ArrayOfdouble" xmlns:a="http://schemas.microsoft.com/2003/10/Serialization/Arrays"><a:double>0</a:double><a:double>0</a:double><a:double>0</a:double></Value></Attribute></Attributes><ChildElements/><ElementName>axis</ElementName><required>false</required><XYZAttribute z:Ref="i47"/></URDFElement><URDFElement z:Id="i48" i:type="Limit"><Attributes><Attribute z:Id="i49"><AttributeType>lower</AttributeType><IsRequired>false</IsRequired><Value i:nil="true"/></Attribute><Attribute z:Id="i50"><AttributeType>upper</AttributeType><IsRequired>false</IsRequired><Value i:nil="true"/></Attribute><Attribute z:Id="i51"><AttributeType>effort</AttributeType><IsRequired>true</IsRequired><Value i:nil="true"/></Attribute><Attribute z:Id="i52"><AttributeType>velocity</AttributeType><IsRequired>true</IsRequired><Value i:nil="true"/></Attribute></Attributes><ChildElements/><ElementName>limit</ElementName><required>false</required><EffortAttribute z:Ref="i51"/><LowerAttribute z:Ref="i49"/><UpperAttribute z:Ref="i50"/><VelocityAttribute z:Ref="i52"/></URDFElement><URDFElement z:Id="i53" i:type="Calibration"><Attributes><Attribute z:Id="i54"><AttributeType>rising</AttributeType><IsRequired>false</IsRequired><Value i:nil="true"/></Attribute><Attribute z:Id="i55"><AttributeType>falling</AttributeType><IsRequired>false</IsRequired><Value i:nil="true"/></Attribute></Attributes><ChildElements/><ElementName>calibration</ElementName><required>false</required><FallingAttribute z:Ref="i55"/><RisingAttribute z:Ref="i54"/></URDFElement><URDFElement z:Id="i56" i:type="Dynamics"><Attributes><Attribute z:Id="i57"><AttributeType>damping</AttributeType><IsRequired>false</IsRequired><Value i:nil="true"/></Attribute><Attribute z:Id="i58"><AttributeType>friction</AttributeType><IsRequired>false</IsRequired><Value i:nil="true"/></Attribute></Attributes><ChildElements/><ElementName>dynamics</ElementName><required>false</required><DampingAttribute z:Ref="i57"/><FrictionAttribute z:Ref="i58"/></URDFElement><URDFElement z:Id="i59" i:type="SafetyController"><Attributes><Attribute z:Id="i60"><AttributeType>soft_upper_limit</AttributeType><IsRequired>false</IsRequired><Value i:nil="true"/></Attribute><Attribute z:Id="i61"><AttributeType>soft_lower_limit</AttributeType><IsRequired>false</IsRequired><Value i:nil="true"/></Attribute><Attribute z:Id="i62"><AttributeType>k_position</AttributeType><IsRequired>false</IsRequired><Value i:nil="true"/></Attribute><Attribute z:Id="i63"><AttributeType>k_velocity</AttributeType><IsRequired>true</IsRequired><Value i:nil="true"/></Attribute></Attributes><ChildElements/><ElementName>safety_controller</ElementName><required>false</required><KPositionAttribute z:Ref="i62"/><KVelocityAttribute z:Ref="i63"/><SoftLowerAttribute z:Ref="i61"/><SoftUpperAttribute z:Ref="i60"/></URDFElement><URDFElement z:Id="i64" i:type="Mimic"><Attributes><Attribute z:Id="i65"><AttributeType>joint</AttributeType><IsRequired>true</IsRequired><Value i:nil="true"/></Attribute><Attribute z:Id="i66"><AttributeType>multiplier</AttributeType><IsRequired>false</IsRequired><Value i:nil="true"/></Attribute><Attribute z:Id="i67"><AttributeType>offset</AttributeType><IsRequired>false</IsRequired><Value i:nil="true"/></Attribute></Attributes><ChildElements/><ElementName>mimic</ElementName><required>false</required><JointNameAttribute z:Ref="i65"/><MultiplierAttribute z:Ref="i66"/><OffsetAttribute z:Ref="i67"/></URDFElement></ChildElements><ElementName>joint</ElementName><required>false</required><Axis z:Ref="i46"/><AxisName/><Calibration z:Ref="i53"/><Child z:Ref="i44"/><CoordinateSystemName>Automatically Generate</CoordinateSystemName><Dynamics z:Ref="i56"/><Limit z:Ref="i48"/><Mimic z:Ref="i64"/><NameAttribute z:Ref="i37"/><Origin z:Ref="i39"/><Parent z:Ref="i42"/><Safety z:Ref="i59"/><TypeAttribute z:Ref="i38"/></URDFElement></ChildElements><ElementName>link</ElementName><required>true</required><Children><Link z:Id="i68"><Attributes><Attribute z:Id="i69"><AttributeType>name</AttributeType><IsRequired>true</IsRequired><Value i:type="a:string" xmlns:a="http://www.w3.org/2001/XMLSchema">Empty_Link1</Value></Attribute></Attributes><ChildElements><URDFElement z:Id="i70" i:type="Inertial"><Attributes/><ChildElements><URDFElement z:Id="i71" i:type="Origin"><Attributes><Attribute z:Id="i72"><AttributeType>xyz</AttributeType><IsRequired>true</IsRequired><Value i:type="a:ArrayOfdouble" xmlns:a="http://schemas.microsoft.com/2003/10/Serialization/Arrays"><a:double>0</a:double><a:double>0</a:double><a:double>0</a:double></Value></Attribute><Attribute z:Id="i73"><AttributeType>rpy</AttributeType><IsRequired>true</IsRequired><Value i:type="a:ArrayOfdouble" xmlns:a="http://schemas.microsoft.com/2003/10/Serialization/Arrays"><a:double>0</a:double><a:double>0</a:double><a:double>0</a:double></Value></Attribute></Attributes><ChildElements/><ElementName>origin</ElementName><required>false</required><RPYAttribute z:Ref="i73"/><XYZAttribute z:Ref="i72"/><isCustomized>false</isCustomized></URDFElement><URDFElement z:Id="i74" i:type="Mass"><Attributes><Attribute z:Id="i75"><AttributeType>value</AttributeType><IsRequired>true</IsRequired><Value i:type="a:double" xmlns:a="http://www.w3.org/2001/XMLSchema">0</Value></Attribute></Attributes><ChildElements/><ElementName>mass</ElementName><required>false</required><ValueAttribute z:Ref="i75"/></URDFElement><URDFElement z:Id="i76" i:type="Inertia"><Attributes><Attribute z:Id="i77"><AttributeType>ixx</AttributeType><IsRequired>true</IsRequired><Value i:type="a:double" xmlns:a="http://www.w3.org/2001/XMLSchema">0</Value></Attribute><Attribute z:Id="i78"><AttributeType>ixy</AttributeType><IsRequired>true</IsRequired><Value i:type="a:double" xmlns:a="http://www.w3.org/2001/XMLSchema">0</Value></Attribute><Attribute z:Id="i79"><AttributeType>ixz</AttributeType><IsRequired>true</IsRequired><Value i:type="a:double" xmlns:a="http://www.w3.org/2001/XMLSchema">0</Value></Attribute><Attribute z:Id="i80"><AttributeType>iyy</AttributeType><IsRequired>true</IsRequired><Value i:type="a:double" xmlns:a="http://www.w3.org/2001/XMLSchema">0</Value></Attribute><Attribute z:Id="i81"><AttributeType>iyz</AttributeType><IsRequired>true</IsRequired><Value i:type="a:double" xmlns:a="http://www.w3.org/2001/XMLSchema">0</Value></Attribute><Attribute z:Id="i82"><AttributeType>izz</AttributeType><IsRequired>true</IsRequired><Value i:type="a:double" xmlns:a="http://www.w3.org/2001/XMLSchema">0</Value></Attribute></Attributes><ChildElements/><ElementName>inertia</ElementName><required>false</required><IxxAttribute z:Ref="i77"/><IxyAttribute z:Ref="i78"/><IxzAttribute z:Ref="i79"/><IyyAttribute z:Ref="i80"/><IyzAttribute z:Ref="i81"/><IzzAttribute z:Ref="i82"/></URDFElement></ChildElements><ElementName>inertial</ElementName><required>false</required><Inertia z:Ref="i76"/><Mass z:Ref="i74"/><Origin z:Ref="i71"/></URDFElement><URDFElement z:Id="i83" i:type="Visual"><Attributes/><ChildElements><URDFElement z:Id="i84" i:type="Origin"><Attributes><Attribute z:Id="i85"><AttributeType>xyz</AttributeType><IsRequired>true</IsRequired><Value i:type="a:ArrayOfdouble" xmlns:a="http://schemas.microsoft.com/2003/10/Serialization/Arrays"><a:double>0</a:double><a:double>0</a:double><a:double>0</a:double></Value></Attribute><Attribute z:Id="i86"><AttributeType>rpy</AttributeType><IsRequired>true</IsRequired><Value i:type="a:ArrayOfdouble" xmlns:a="http://schemas.microsoft.com/2003/10/Serialization/Arrays"><a:double>0</a:double><a:double>0</a:double><a:double>0</a:double></Value></Attribute></Attributes><ChildElements/><ElementName>origin</ElementName><required>false</required><RPYAttribute z:Ref="i86"/><XYZAttribute z:Ref="i85"/><isCustomized>false</isCustomized></URDFElement><URDFElement z:Id="i87" i:type="Geometry"><Attributes/><ChildElements><URDFElement z:Id="i88" i:type="Mesh"><Attributes><Attribute z:Id="i89"><AttributeType>filename</AttributeType><IsRequired>true</IsRequired><Value i:nil="true"/></Attribute></Attributes><ChildElements/><ElementName>mesh</ElementName><required>false</required><FilenameAttribute z:Ref="i89"/></URDFElement></ChildElements><ElementName>geometry</ElementName><required>true</required><Mesh z:Ref="i88"/></URDFElement><URDFElement z:Id="i90" i:type="Material"><Attributes><Attribute z:Id="i91"><AttributeType>name</AttributeType><IsRequired>true</IsRequired><Value i:type="a:string" xmlns:a="http://www.w3.org/2001/XMLSchema"/></Attribute></Attributes><ChildElements><URDFElement z:Id="i92" i:type="Color"><Attributes><Attribute z:Id="i93"><AttributeType>rgba</AttributeType><IsRequired>true</IsRequired><Value i:type="a:ArrayOfdouble" xmlns:a="http://schemas.microsoft.com/2003/10/Serialization/Arrays"><a:double>1</a:double><a:double>1</a:double><a:double>1</a:double><a:double>1</a:double></Value></Attribute></Attributes><ChildElements/><ElementName>color</ElementName><required>false</required><RGBAAttribute z:Ref="i93"/></URDFElement><URDFElement z:Id="i94" i:type="Texture"><Attributes><Attribute z:Id="i95"><AttributeType>filename</AttributeType><IsRequired>true</IsRequired><Value i:nil="true"/></Attribute></Attributes><ChildElements/><ElementName>texture</ElementName><required>false</required><FilenameAttribute z:Ref="i95"/><wFilename/></URDFElement></ChildElements><ElementName>material</ElementName><required>false</required><Color z:Ref="i92"/><NameAttribute z:Ref="i91"/><Texture z:Ref="i94"/></URDFElement></ChildElements><ElementName>visual</ElementName><required>false</required><Geometry z:Ref="i87"/><Material z:Ref="i90"/><Origin z:Ref="i84"/></URDFElement><URDFElement z:Id="i96" i:type="Collision"><Attributes/><ChildElements><URDFElement z:Id="i97" i:type="Origin"><Attributes><Attribute z:Id="i98"><AttributeType>xyz</AttributeType><IsRequired>true</IsRequired><Value i:type="a:ArrayOfdouble" xmlns:a="http://schemas.microsoft.com/2003/10/Serialization/Arrays"><a:double>0</a:double><a:double>0</a:double><a:double>0</a:double></Value></Attribute><Attribute z:Id="i99"><AttributeType>rpy</AttributeType><IsRequired>true</IsRequired><Value i:type="a:ArrayOfdouble" xmlns:a="http://schemas.microsoft.com/2003/10/Serialization/Arrays"><a:double>0</a:double><a:double>0</a:double><a:double>0</a:double></Value></Attribute></Attributes><ChildElements/><ElementName>origin</ElementName><required>false</required><RPYAttribute z:Ref="i99"/><XYZAttribute z:Ref="i98"/><isCustomized>false</isCustomized></URDFElement><URDFElement z:Id="i100" i:type="Geometry"><Attributes/><ChildElements><URDFElement z:Id="i101" i:type="Mesh"><Attributes><Attribute z:Id="i102"><AttributeType>filename</AttributeType><IsRequired>true</IsRequired><Value i:nil="true"/></Attribute></Attributes><ChildElements/><ElementName>mesh</ElementName><required>false</required><FilenameAttribute z:Ref="i102"/></URDFElement></ChildElements><ElementName>geometry</ElementName><required>true</required><Mesh z:Ref="i101"/></URDFElement></ChildElements><ElementName>collision</ElementName><required>false</required><Geometry z:Ref="i100"/><Origin z:Ref="i97"/></URDFElement><URDFElement z:Id="i103" i:type="Joint"><Attributes><Attribute z:Id="i104"><AttributeType>name</AttributeType><IsRequired>true</IsRequired><Value i:type="a:string" xmlns:a="http://www.w3.org/2001/XMLSchema">joint1</Value></Attribute><Attribute z:Id="i105"><AttributeType>type</AttributeType><IsRequired>true</IsRequired><Value i:type="a:string" xmlns:a="http://www.w3.org/2001/XMLSchema">Automatically Detect</Value></Attribute></Attributes><ChildElements><URDFElement z:Id="i106" i:type="Origin"><Attributes><Attribute z:Id="i107"><AttributeType>xyz</AttributeType><IsRequired>true</IsRequired><Value i:type="a:ArrayOfdouble" xmlns:a="http://schemas.microsoft.com/2003/10/Serialization/Arrays"><a:double>0</a:double><a:double>0</a:double><a:double>0</a:double></Value></Attribute><Attribute z:Id="i108"><AttributeType>rpy</AttributeType><IsRequired>true</IsRequired><Value i:type="a:ArrayOfdouble" xmlns:a="http://schemas.microsoft.com/2003/10/Serialization/Arrays"><a:double>0</a:double><a:double>0</a:double><a:double>0</a:double></Value></Attribute></Attributes><ChildElements/><ElementName>origin</ElementName><required>false</required><RPYAttribute z:Ref="i108"/><XYZAttribute z:Ref="i107"/><isCustomized>false</isCustomized></URDFElement><URDFElement z:Id="i109" i:type="ParentLink"><Attributes><Attribute z:Id="i110"><AttributeType>link</AttributeType><IsRequired>true</IsRequired><Value i:type="a:string" xmlns:a="http://www.w3.org/2001/XMLSchema"/></Attribute></Attributes><ChildElements/><ElementName>parent</ElementName><required>true</required><NameAttribute z:Ref="i110"/></URDFElement><URDFElement z:Id="i111" i:type="ChildLink"><Attributes><Attribute z:Id="i112"><AttributeType>link</AttributeType><IsRequired>true</IsRequired><Value i:type="a:string" xmlns:a="http://www.w3.org/2001/XMLSchema"/></Attribute></Attributes><ChildElements/><ElementName>child</ElementName><required>true</required><NameAttribute z:Ref="i112"/></URDFElement><URDFElement z:Id="i113" i:type="Axis"><Attributes><Attribute z:Id="i114"><AttributeType>xyz</AttributeType><IsRequired>true</IsRequired><Value i:type="a:ArrayOfdouble" xmlns:a="http://schemas.microsoft.com/2003/10/Serialization/Arrays"><a:double>0</a:double><a:double>0</a:double><a:double>0</a:double></Value></Attribute></Attributes><ChildElements/><ElementName>axis</ElementName><required>false</required><XYZAttribute z:Ref="i114"/></URDFElement><URDFElement z:Id="i115" i:type="Limit"><Attributes><Attribute z:Id="i116"><AttributeType>lower</AttributeType><IsRequired>false</IsRequired><Value i:nil="true"/></Attribute><Attribute z:Id="i117"><AttributeType>upper</AttributeType><IsRequired>false</IsRequired><Value i:nil="true"/></Attribute><Attribute z:Id="i118"><AttributeType>effort</AttributeType><IsRequired>true</IsRequired><Value i:nil="true"/></Attribute><Attribute z:Id="i119"><AttributeType>velocity</AttributeType><IsRequired>true</IsRequired><Value i:nil="true"/></Attribute></Attributes><ChildElements/><ElementName>limit</ElementName><required>false</required><EffortAttribute z:Ref="i118"/><LowerAttribute z:Ref="i116"/><UpperAttribute z:Ref="i117"/><VelocityAttribute z:Ref="i119"/></URDFElement><URDFElement z:Id="i120" i:type="Calibration"><Attributes><Attribute z:Id="i121"><AttributeType>rising</AttributeType><IsRequired>false</IsRequired><Value i:nil="true"/></Attribute><Attribute z:Id="i122"><AttributeType>falling</AttributeType><IsRequired>false</IsRequired><Value i:nil="true"/></Attribute></Attributes><ChildElements/><ElementName>calibration</ElementName><required>false</required><FallingAttribute z:Ref="i122"/><RisingAttribute z:Ref="i121"/></URDFElement><URDFElement z:Id="i123" i:type="Dynamics"><Attributes><Attribute z:Id="i124"><AttributeType>damping</AttributeType><IsRequired>false</IsRequired><Value i:nil="true"/></Attribute><Attribute z:Id="i125"><AttributeType>friction</AttributeType><IsRequired>false</IsRequired><Value i:nil="true"/></Attribute></Attributes><ChildElements/><ElementName>dynamics</ElementName><required>false</required><DampingAttribute z:Ref="i124"/><FrictionAttribute z:Ref="i125"/></URDFElement><URDFElement z:Id="i126" i:type="SafetyController"><Attributes><Attribute z:Id="i127"><AttributeType>soft_upper_limit</AttributeType><IsRequired>false</IsRequired><Value i:nil="true"/></Attribute><Attribute z:Id="i128"><AttributeType>soft_lower_limit</AttributeType><IsRequired>false</IsRequired><Value i:nil="true"/></Attribute><Attribute z:Id="i129"><AttributeType>k_position</AttributeType><IsRequired>false</IsRequired><Value i:nil="true"/></Attribute><Attribute z:Id="i130"><AttributeType>k_velocity</AttributeType><IsRequired>true</IsRequired><Value i:nil="true"/></Attribute></Attributes><ChildElements/><ElementName>safety_controller</ElementName><required>false</required><KPositionAttribute z:Ref="i129"/><KVelocityAttribute z:Ref="i130"/><SoftLowerAttribute z:Ref="i128"/><SoftUpperAttribute z:Ref="i127"/></URDFElement><URDFElement z:Id="i131" i:type="Mimic"><Attributes><Attribute z:Id="i132"><AttributeType>joint</AttributeType><IsRequired>true</IsRequired><Value i:nil="true"/></Attribute><Attribute z:Id="i133"><AttributeType>multiplier</AttributeType><IsRequired>false</IsRequired><Value i:nil="true"/></Attribute><Attribute z:Id="i134"><AttributeType>offset</AttributeType><IsRequired>false</IsRequired><Value i:nil="true"/></Attribute></Attributes><ChildElements/><ElementName>mimic</ElementName><required>false</required><JointNameAttribute z:Ref="i132"/><MultiplierAttribute z:Ref="i133"/><OffsetAttribute z:Ref="i134"/></URDFElement></ChildElements><ElementName>joint</ElementName><required>false</required><Axis z:Ref="i113"/><AxisName>Automatically Generate</AxisName><Calibration z:Ref="i120"/><Child z:Ref="i111"/><CoordinateSystemName>Automatically Generate</CoordinateSystemName><Dynamics z:Ref="i123"/><Limit z:Ref="i115"/><Mimic z:Ref="i131"/><NameAttribute z:Ref="i104"/><Origin z:Ref="i106"/><Parent z:Ref="i109"/><Safety z:Ref="i126"/><TypeAttribute z:Ref="i105"/></URDFElement></ChildElements><ElementName>link</ElementName><required>true</required><Children/><Collision z:Ref="i96"/><Inertial z:Ref="i70"/><Joint z:Ref="i103"/><NameAttribute z:Ref="i69"/><Parent z:Ref="i1"/><STLQualityFine>false</STLQualityFine><SWComponentPIDs xmlns:a="http://schemas.microsoft.com/2003/10/Serialization/Arrays"><a:base64Binary>sDYAAAUAAAD//v8ZZwByAGkAcABwAGUAXwBmAGkAbgBnAGUAcgAtADIAQABBAFMAUwBZAF8AVQBSAEQARgAEAAAAEAAAAAEAAAABAAAAGwAAAA==</a:base64Binary></SWComponentPIDs><SWMainComponentPID i:nil="true"/><Visual z:Ref="i83"/><isFixedFrame>false</isFixedFrame><isIncomplete>false</isIncomplete></Link><Link z:Id="i135"><Attributes><Attribute z:Id="i136"><AttributeType>name</AttributeType><IsRequired>true</IsRequired><Value i:type="a:string" xmlns:a="http://www.w3.org/2001/XMLSchema">Empty_Link2</Value></Attribute></Attributes><ChildElements><URDFElement z:Id="i137" i:type="Inertial"><Attributes/><ChildElements><URDFElement z:Id="i138" i:type="Origin"><Attributes><Attribute z:Id="i139"><AttributeType>xyz</AttributeType><IsRequired>true</IsRequired><Value i:type="a:ArrayOfdouble" xmlns:a="http://schemas.microsoft.com/2003/10/Serialization/Arrays"><a:double>0</a:double><a:double>0</a:double><a:double>0</a:double></Value></Attribute><Attribute z:Id="i140"><AttributeType>rpy</AttributeType><IsRequired>true</IsRequired><Value i:type="a:ArrayOfdouble" xmlns:a="http://schemas.microsoft.com/2003/10/Serialization/Arrays"><a:double>0</a:double><a:double>0</a:double><a:double>0</a:double></Value></Attribute></Attributes><ChildElements/><ElementName>origin</ElementName><required>false</required><RPYAttribute z:Ref="i140"/><XYZAttribute z:Ref="i139"/><isCustomized>false</isCustomized></URDFElement><URDFElement z:Id="i141" i:type="Mass"><Attributes><Attribute z:Id="i142"><AttributeType>value</AttributeType><IsRequired>true</IsRequired><Value i:type="a:double" xmlns:a="http://www.w3.org/2001/XMLSchema">0</Value></Attribute></Attributes><ChildElements/><ElementName>mass</ElementName><required>false</required><ValueAttribute z:Ref="i142"/></URDFElement><URDFElement z:Id="i143" i:type="Inertia"><Attributes><Attribute z:Id="i144"><AttributeType>ixx</AttributeType><IsRequired>true</IsRequired><Value i:type="a:double" xmlns:a="http://www.w3.org/2001/XMLSchema">0</Value></Attribute><Attribute z:Id="i145"><AttributeType>ixy</AttributeType><IsRequired>true</IsRequired><Value i:type="a:double" xmlns:a="http://www.w3.org/2001/XMLSchema">0</Value></Attribute><Attribute z:Id="i146"><AttributeType>ixz</AttributeType><IsRequired>true</IsRequired><Value i:type="a:double" xmlns:a="http://www.w3.org/2001/XMLSchema">0</Value></Attribute><Attribute z:Id="i147"><AttributeType>iyy</AttributeType><IsRequired>true</IsRequired><Value i:type="a:double" xmlns:a="http://www.w3.org/2001/XMLSchema">0</Value></Attribute><Attribute z:Id="i148"><AttributeType>iyz</AttributeType><IsRequired>true</IsRequired><Value i:type="a:double" xmlns:a="http://www.w3.org/2001/XMLSchema">0</Value></Attribute><Attribute z:Id="i149"><AttributeType>izz</AttributeType><IsRequired>true</IsRequired><Value i:type="a:double" xmlns:a="http://www.w3.org/2001/XMLSchema">0</Value></Attribute></Attributes><ChildElements/><ElementName>inertia</ElementName><required>false</required><IxxAttribute z:Ref="i144"/><IxyAttribute z:Ref="i145"/><IxzAttribute z:Ref="i146"/><IyyAttribute z:Ref="i147"/><IyzAttribute z:Ref="i148"/><IzzAttribute z:Ref="i149"/></URDFElement></ChildElements><ElementName>inertial</ElementName><required>false</required><Inertia z:Ref="i143"/><Mass z:Ref="i141"/><Origin z:Ref="i138"/></URDFElement><URDFElement z:Id="i150" i:type="Visual"><Attributes/><ChildElements><URDFElement z:Id="i151" i:type="Origin"><Attributes><Attribute z:Id="i152"><AttributeType>xyz</AttributeType><IsRequired>true</IsRequired><Value i:type="a:ArrayOfdouble" xmlns:a="http://schemas.microsoft.com/2003/10/Serialization/Arrays"><a:double>0</a:double><a:double>0</a:double><a:double>0</a:double></Value></Attribute><Attribute z:Id="i153"><AttributeType>rpy</AttributeType><IsRequired>true</IsRequired><Value i:type="a:ArrayOfdouble" xmlns:a="http://schemas.microsoft.com/2003/10/Serialization/Arrays"><a:double>0</a:double><a:double>0</a:double><a:double>0</a:double></Value></Attribute></Attributes><ChildElements/><ElementName>origin</ElementName><required>false</required><RPYAttribute z:Ref="i153"/><XYZAttribute z:Ref="i152"/><isCustomized>false</isCustomized></URDFElement><URDFElement z:Id="i154" i:type="Geometry"><Attributes/><ChildElements><URDFElement z:Id="i155" i:type="Mesh"><Attributes><Attribute z:Id="i156"><AttributeType>filename</AttributeType><IsRequired>true</IsRequired><Value i:nil="true"/></Attribute></Attributes><ChildElements/><ElementName>mesh</ElementName><required>false</required><FilenameAttribute z:Ref="i156"/></URDFElement></ChildElements><ElementName>geometry</ElementName><required>true</required><Mesh z:Ref="i155"/></URDFElement><URDFElement z:Id="i157" i:type="Material"><Attributes><Attribute z:Id="i158"><AttributeType>name</AttributeType><IsRequired>true</IsRequired><Value i:type="a:string" xmlns:a="http://www.w3.org/2001/XMLSchema"/></Attribute></Attributes><ChildElements><URDFElement z:Id="i159" i:type="Color"><Attributes><Attribute z:Id="i160"><AttributeType>rgba</AttributeType><IsRequired>true</IsRequired><Value i:type="a:ArrayOfdouble" xmlns:a="http://schemas.microsoft.com/2003/10/Serialization/Arrays"><a:double>1</a:double><a:double>1</a:double><a:double>1</a:double><a:double>1</a:double></Value></Attribute></Attributes><ChildElements/><ElementName>color</ElementName><required>false</required><RGBAAttribute z:Ref="i160"/></URDFElement><URDFElement z:Id="i161" i:type="Texture"><Attributes><Attribute z:Id="i162"><AttributeType>filename</AttributeType><IsRequired>true</IsRequired><Value i:nil="true"/></Attribute></Attributes><ChildElements/><ElementName>texture</ElementName><required>false</required><FilenameAttribute z:Ref="i162"/><wFilename/></URDFElement></ChildElements><ElementName>material</ElementName><required>false</required><Color z:Ref="i159"/><NameAttribute z:Ref="i158"/><Texture z:Ref="i161"/></URDFElement></ChildElements><ElementName>visual</ElementName><required>false</required><Geometry z:Ref="i154"/><Material z:Ref="i157"/><Origin z:Ref="i151"/></URDFElement><URDFElement z:Id="i163" i:type="Collision"><Attributes/><ChildElements><URDFElement z:Id="i164" i:type="Origin"><Attributes><Attribute z:Id="i165"><AttributeType>xyz</AttributeType><IsRequired>true</IsRequired><Value i:type="a:ArrayOfdouble" xmlns:a="http://schemas.microsoft.com/2003/10/Serialization/Arrays"><a:double>0</a:double><a:double>0</a:double><a:double>0</a:double></Value></Attribute><Attribute z:Id="i166"><AttributeType>rpy</AttributeType><IsRequired>true</IsRequired><Value i:type="a:ArrayOfdouble" xmlns:a="http://schemas.microsoft.com/2003/10/Serialization/Arrays"><a:double>0</a:double><a:double>0</a:double><a:double>0</a:double></Value></Attribute></Attributes><ChildElements/><ElementName>origin</ElementName><required>false</required><RPYAttribute z:Ref="i166"/><XYZAttribute z:Ref="i165"/><isCustomized>false</isCustomized></URDFElement><URDFElement z:Id="i167" i:type="Geometry"><Attributes/><ChildElements><URDFElement z:Id="i168" i:type="Mesh"><Attributes><Attribute z:Id="i169"><AttributeType>filename</AttributeType><IsRequired>true</IsRequired><Value i:nil="true"/></Attribute></Attributes><ChildElements/><ElementName>mesh</ElementName><required>false</required><FilenameAttribute z:Ref="i169"/></URDFElement></ChildElements><ElementName>geometry</ElementName><required>true</required><Mesh z:Ref="i168"/></URDFElement></ChildElements><ElementName>collision</ElementName><required>false</required><Geometry z:Ref="i167"/><Origin z:Ref="i164"/></URDFElement><URDFElement z:Id="i170" i:type="Joint"><Attributes><Attribute z:Id="i171"><AttributeType>name</AttributeType><IsRequired>true</IsRequired><Value i:type="a:string" xmlns:a="http://www.w3.org/2001/XMLSchema">joint2</Value></Attribute><Attribute z:Id="i172"><AttributeType>type</AttributeType><IsRequired>true</IsRequired><Value i:type="a:string" xmlns:a="http://www.w3.org/2001/XMLSchema">Automatically Detect</Value></Attribute></Attributes><ChildElements><URDFElement z:Id="i173" i:type="Origin"><Attributes><Attribute z:Id="i174"><AttributeType>xyz</AttributeType><IsRequired>true</IsRequired><Value i:type="a:ArrayOfdouble" xmlns:a="http://schemas.microsoft.com/2003/10/Serialization/Arrays"><a:double>0</a:double><a:double>0</a:double><a:double>0</a:double></Value></Attribute><Attribute z:Id="i175"><AttributeType>rpy</AttributeType><IsRequired>true</IsRequired><Value i:type="a:ArrayOfdouble" xmlns:a="http://schemas.microsoft.com/2003/10/Serialization/Arrays"><a:double>0</a:double><a:double>0</a:double><a:double>0</a:double></Value></Attribute></Attributes><ChildElements/><ElementName>origin</ElementName><required>false</required><RPYAttribute z:Ref="i175"/><XYZAttribute z:Ref="i174"/><isCustomized>false</isCustomized></URDFElement><URDFElement z:Id="i176" i:type="ParentLink"><Attributes><Attribute z:Id="i177"><AttributeType>link</AttributeType><IsRequired>true</IsRequired><Value i:type="a:string" xmlns:a="http://www.w3.org/2001/XMLSchema"/></Attribute></Attributes><ChildElements/><ElementName>parent</ElementName><required>true</required><NameAttribute z:Ref="i177"/></URDFElement><URDFElement z:Id="i178" i:type="ChildLink"><Attributes><Attribute z:Id="i179"><AttributeType>link</AttributeType><IsRequired>true</IsRequired><Value i:type="a:string" xmlns:a="http://www.w3.org/2001/XMLSchema"/></Attribute></Attributes><ChildElements/><ElementName>child</ElementName><required>true</required><NameAttribute z:Ref="i179"/></URDFElement><URDFElement z:Id="i180" i:type="Axis"><Attributes><Attribute z:Id="i181"><AttributeType>xyz</AttributeType><IsRequired>true</IsRequired><Value i:type="a:ArrayOfdouble" xmlns:a="http://schemas.microsoft.com/2003/10/Serialization/Arrays"><a:double>0</a:double><a:double>0</a:double><a:double>0</a:double></Value></Attribute></Attributes><ChildElements/><ElementName>axis</ElementName><required>false</required><XYZAttribute z:Ref="i181"/></URDFElement><URDFElement z:Id="i182" i:type="Limit"><Attributes><Attribute z:Id="i183"><AttributeType>lower</AttributeType><IsRequired>false</IsRequired><Value i:nil="true"/></Attribute><Attribute z:Id="i184"><AttributeType>upper</AttributeType><IsRequired>false</IsRequired><Value i:nil="true"/></Attribute><Attribute z:Id="i185"><AttributeType>effort</AttributeType><IsRequired>true</IsRequired><Value i:nil="true"/></Attribute><Attribute z:Id="i186"><AttributeType>velocity</AttributeType><IsRequired>true</IsRequired><Value i:nil="true"/></Attribute></Attributes><ChildElements/><ElementName>limit</ElementName><required>false</required><EffortAttribute z:Ref="i185"/><LowerAttribute z:Ref="i183"/><UpperAttribute z:Ref="i184"/><VelocityAttribute z:Ref="i186"/></URDFElement><URDFElement z:Id="i187" i:type="Calibration"><Attributes><Attribute z:Id="i188"><AttributeType>rising</AttributeType><IsRequired>false</IsRequired><Value i:nil="true"/></Attribute><Attribute z:Id="i189"><AttributeType>falling</AttributeType><IsRequired>false</IsRequired><Value i:nil="true"/></Attribute></Attributes><ChildElements/><ElementName>calibration</ElementName><required>false</required><FallingAttribute z:Ref="i189"/><RisingAttribute z:Ref="i188"/></URDFElement><URDFElement z:Id="i190" i:type="Dynamics"><Attributes><Attribute z:Id="i191"><AttributeType>damping</AttributeType><IsRequired>false</IsRequired><Value i:nil="true"/></Attribute><Attribute z:Id="i192"><AttributeType>friction</AttributeType><IsRequired>false</IsRequired><Value i:nil="true"/></Attribute></Attributes><ChildElements/><ElementName>dynamics</ElementName><required>false</required><DampingAttribute z:Ref="i191"/><FrictionAttribute z:Ref="i192"/></URDFElement><URDFElement z:Id="i193" i:type="SafetyController"><Attributes><Attribute z:Id="i194"><AttributeType>soft_upper_limit</AttributeType><IsRequired>false</IsRequired><Value i:nil="true"/></Attribute><Attribute z:Id="i195"><AttributeType>soft_lower_limit</AttributeType><IsRequired>false</IsRequired><Value i:nil="true"/></Attribute><Attribute z:Id="i196"><AttributeType>k_position</AttributeType><IsRequired>false</IsRequired><Value i:nil="true"/></Attribute><Attribute z:Id="i197"><AttributeType>k_velocity</AttributeType><IsRequired>true</IsRequired><Value i:nil="true"/></Attribute></Attributes><ChildElements/><ElementName>safety_controller</ElementName><required>false</required><KPositionAttribute z:Ref="i196"/><KVelocityAttribute z:Ref="i197"/><SoftLowerAttribute z:Ref="i195"/><SoftUpperAttribute z:Ref="i194"/></URDFElement><URDFElement z:Id="i198" i:type="Mimic"><Attributes><Attribute z:Id="i199"><AttributeType>joint</AttributeType><IsRequired>true</IsRequired><Value i:nil="true"/></Attribute><Attribute z:Id="i200"><AttributeType>multiplier</AttributeType><IsRequired>false</IsRequired><Value i:nil="true"/></Attribute><Attribute z:Id="i201"><AttributeType>offset</AttributeType><IsRequired>false</IsRequired><Value i:nil="true"/></Attribute></Attributes><ChildElements/><ElementName>mimic</ElementName><required>false</required><JointNameAttribute z:Ref="i199"/><MultiplierAttribute z:Ref="i200"/><OffsetAttribute z:Ref="i201"/></URDFElement></ChildElements><ElementName>joint</ElementName><required>false</required><Axis z:Ref="i180"/><AxisName>Automatically Generate</AxisName><Calibration z:Ref="i187"/><Child z:Ref="i178"/><CoordinateSystemName>Automatically Generate</CoordinateSystemName><Dynamics z:Ref="i190"/><Limit z:Ref="i182"/><Mimic z:Ref="i198"/><NameAttribute z:Ref="i171"/><Origin z:Ref="i173"/><Parent z:Ref="i176"/><Safety z:Ref="i193"/><TypeAttribute z:Ref="i172"/></URDFElement></ChildElements><ElementName>link</ElementName><required>true</required><Children/><Collision z:Ref="i163"/><Inertial z:Ref="i137"/><Joint z:Ref="i170"/><NameAttribute z:Ref="i136"/><Parent z:Ref="i1"/><STLQualityFine>false</STLQualityFine><SWComponentPIDs xmlns:a="http://schemas.microsoft.com/2003/10/Serialization/Arrays"><a:base64Binary>sDYAAAUAAAD//v8ZZwByAGkAcABwAGUAXwBmAGkAbgBnAGUAcgAtADMAQABBAFMAUwBZAF8AVQBSAEQARgAEAAAAEAAAAAEAAAABAAAAHAAAAA==</a:base64Binary></SWComponentPIDs><SWMainComponentPID i:nil="true"/><Visual z:Ref="i150"/><isFixedFrame>false</isFixedFrame><isIncomplete>false</isIncomplete></Link></Children><Collision z:Ref="i29"/><Inertial z:Ref="i3"/><Joint z:Ref="i36"/><NameAttribute z:Ref="i2"/><Parent i:nil="true"/><STLQualityFine>false</STLQualityFine><SWComponentPIDs xmlns:a="http://schemas.microsoft.com/2003/10/Serialization/Arrays"><a:base64Binary>sDYAAAUAAAD//v8YZwByAGkAcABwAGUAcgBfAGIAYQBzAGUALQAyAEAAQQBTAFMAWQBfAFUAUgBEAEYABAAAABAAAAABAAAAAQAAABoAAAA=</a:base64Binary></SWComponentPIDs><SWMainComponentPID i:nil="true"/><Visual z:Ref="i16"/><isFixedFrame>false</isFixedFrame><isIncomplete>false</isIncomplete></Link>
2026-08-21 11:52:05,121 INFO  AssemblyExportForm.cs: 309 - Saving URDF package to D:\AIDIN_workspace\Manipulator_Workspace\z_aidin_gripper\aidin_gripper_2.1(노옵션버전)\스텝파일\ASSY_URDF.SLDASM
2026-08-21 11:52:05,124 INFO  ExportHelper.cs: 147 - Beginning the export process
2026-08-21 11:52:05,125 INFO  ExportHelper.cs: 153 - Creating package directories with name ASSY_URDF.SLDASM and save path D:\AIDIN_workspace\Manipulator_Workspace\z_aidin_gripper\aidin_gripper_2.1(노옵션버전)\스텝파일
2026-08-21 11:52:10,232 INFO  ExportHelper.cs: 162 - Creating CMakeLists.txt at D:\AIDIN_workspace\Manipulator_Workspace\z_aidin_gripper\aidin_gripper_2.1(노옵션버전)\스텝파일\ASSY_URDF.SLDASM\CMakeLists.txt
2026-08-21 11:52:10,233 INFO  ExportHelper.cs: 166 - Creating joint names config at D:\AIDIN_workspace\Manipulator_Workspace\z_aidin_gripper\aidin_gripper_2.1(노옵션버전)\스텝파일\ASSY_URDF.SLDASM\config\joint_names_ASSY_URDF.SLDASM.yaml
2026-08-21 11:52:10,234 INFO  ExportHelper.cs: 170 - Creating package.xml at D:\AIDIN_workspace\Manipulator_Workspace\z_aidin_gripper\aidin_gripper_2.1(노옵션버전)\스텝파일\ASSY_URDF.SLDASM\package.xml
2026-08-21 11:52:10,235 INFO  PackageXMLWriter.cs: 21 - Creating package.xml at D:\AIDIN_workspace\Manipulator_Workspace\z_aidin_gripper\aidin_gripper_2.1(노옵션버전)\스텝파일\ASSY_URDF.SLDASM\package.xml
2026-08-21 11:52:10,238 INFO  ExportHelper.cs: 177 - Creating RVIZ launch file in D:\AIDIN_workspace\Manipulator_Workspace\z_aidin_gripper\aidin_gripper_2.1(노옵션버전)\스텝파일\ASSY_URDF.SLDASM\launch\
2026-08-21 11:52:10,240 INFO  ExportHelper.cs: 182 - Creating Gazebo launch file in D:\AIDIN_workspace\Manipulator_Workspace\z_aidin_gripper\aidin_gripper_2.1(노옵션버전)\스텝파일\ASSY_URDF.SLDASM\launch\
2026-08-21 11:52:10,241 INFO  ExportHelper.cs: 187 - Saving existing STL preferences
2026-08-21 11:52:10,241 INFO  ExportHelper.cs: 450 - Saving users preferences
2026-08-21 11:52:10,242 INFO  ExportHelper.cs: 190 - Modifying STL preferences
2026-08-21 11:52:10,243 INFO  ExportHelper.cs: 464 - Setting STL preferences
2026-08-21 11:52:10,248 INFO  ExportHelper.cs: 196 - Found 0 hidden components 
2026-08-21 11:52:10,248 INFO  ExportHelper.cs: 197 - Hiding all components
2026-08-21 11:52:10,271 INFO  ExportHelper.cs: 204 - Beginning individual files export
2026-08-21 11:52:10,274 INFO  ExportHelper.cs: 270 - Exporting link: base_link
2026-08-21 11:52:10,274 INFO  ExportHelper.cs: 272 - Link base_link has 2 children
2026-08-21 11:52:10,275 INFO  ExportHelper.cs: 270 - Exporting link: Empty_Link1
2026-08-21 11:52:10,275 INFO  ExportHelper.cs: 272 - Link Empty_Link1 has 0 children
2026-08-21 11:52:10,276 INFO  ExportHelper.cs: 317 - Empty_Link1: Exporting STL with coordinate frame Origin_joint1
2026-08-21 11:52:10,277 INFO  ExportHelper.cs: 322 - Empty_Link1: Reference geometry name 
2026-08-21 11:52:10,292 INFO  ExportHelper.cs: 330 - Saving STL to D:\AIDIN_workspace\Manipulator_Workspace\z_aidin_gripper\aidin_gripper_2.1(노옵션버전)\스텝파일\ASSY_URDF.SLDASM\meshes\Empty_Link1.STL
2026-08-21 11:52:10,344 INFO  ExportHelper.cs: 405 - Removing SW header in STL file
2026-08-21 11:52:10,345 INFO  ExportHelper.cs: 270 - Exporting link: Empty_Link2
2026-08-21 11:52:10,346 INFO  ExportHelper.cs: 272 - Link Empty_Link2 has 0 children
2026-08-21 11:52:10,346 INFO  ExportHelper.cs: 317 - Empty_Link2: Exporting STL with coordinate frame Origin_joint2
2026-08-21 11:52:10,346 INFO  ExportHelper.cs: 322 - Empty_Link2: Reference geometry name 
2026-08-21 11:52:10,353 INFO  ExportHelper.cs: 330 - Saving STL to D:\AIDIN_workspace\Manipulator_Workspace\z_aidin_gripper\aidin_gripper_2.1(노옵션버전)\스텝파일\ASSY_URDF.SLDASM\meshes\Empty_Link2.STL
2026-08-21 11:52:10,378 INFO  ExportHelper.cs: 405 - Removing SW header in STL file
2026-08-21 11:52:10,379 INFO  ExportHelper.cs: 317 - base_link: Exporting STL with coordinate frame Origin_global
2026-08-21 11:52:10,379 INFO  ExportHelper.cs: 322 - base_link: Reference geometry name 
2026-08-21 11:52:10,386 INFO  ExportHelper.cs: 330 - Saving STL to D:\AIDIN_workspace\Manipulator_Workspace\z_aidin_gripper\aidin_gripper_2.1(노옵션버전)\스텝파일\ASSY_URDF.SLDASM\meshes\base_link.STL
2026-08-21 11:52:10,475 INFO  ExportHelper.cs: 405 - Removing SW header in STL file
2026-08-21 11:52:10,476 INFO  ExportHelper.cs: 145 - Showing all components except previously hidden components
2026-08-21 11:52:10,491 INFO  ExportHelper.cs: 145 - Resetting STL preferences
2026-08-21 11:52:10,492 INFO  ExportHelper.cs: 478 - Returning STL preferences to user preferences
2026-08-21 11:52:10,492 INFO  ExportHelper.cs: 228 - Writing URDF file to D:\AIDIN_workspace\Manipulator_Workspace\z_aidin_gripper\aidin_gripper_2.1(노옵션버전)\스텝파일\ASSY_URDF.SLDASM\urdf\ASSY_URDF.SLDASM.urdf
2026-08-21 11:52:10,610 INFO  CSVImportExport.cs: 32 - Writing CSV file D:\AIDIN_workspace\Manipulator_Workspace\z_aidin_gripper\aidin_gripper_2.1(노옵션버전)\스텝파일\ASSY_URDF.SLDASM\urdf\ASSY_URDF.SLDASM.csv
2026-08-21 11:52:10,632 ERROR CSVImportExport.cs: 130 - The following columns were not written to the CSV: Link.Joint.ChildLink.link,
2026-08-21 11:52:10,633 ERROR CSVImportExport.cs: 130 - The following columns were not written to the CSV: Link.Joint.ChildLink.link,
2026-08-21 11:52:10,633 ERROR CSVImportExport.cs: 130 - The following columns were not written to the CSV: Link.Joint.ChildLink.link,
2026-08-21 11:52:10,633 INFO  ExportHelper.cs: 234 - Copying log file
2026-08-21 11:52:10,637 INFO  ExportHelper.cs: 439 - Copying C:\Users\Hyo-jong_CAD\sw2urdf_logs\sw2urdf.log to D:\AIDIN_workspace\Manipulator_Workspace\z_aidin_gripper\aidin_gripper_2.1(노옵션버전)\스텝파일\ASSY_URDF.SLDASM\export.log
2026-08-21 11:52:10,638 INFO  ExportHelper.cs: 237 - Resetting STL preferences
2026-08-21 11:52:10,638 INFO  ExportHelper.cs: 478 - Returning STL preferences to user preferences
2026-08-21 12:00:56,759 INFO  SwAddin.cs: 294 - Assembly export called for file ASSY_URDF.SLDASM
2026-08-21 12:00:56,759 INFO  SwAddin.cs: 299 - Save is required
2026-08-21 12:00:56,760 INFO  SwAddin.cs: 313 - Saving assembly
2026-08-21 12:00:56,939 INFO  SwAddin.cs: 316 - Opening property manager
2026-08-21 12:00:56,939 INFO  ExportHelperExtension.cs: 1125 - Retrieving features of type [CoordSys] from ASSY_URDF.SLDASM
2026-08-21 12:00:56,940 INFO  ExportHelperExtension.cs: 1136 - Found 31 in ASSY_URDF.SLDASM
2026-08-21 12:00:56,940 INFO  ExportHelperExtension.cs: 1145 - Found 0 features of type [CoordSys] in ASSY_URDF.SLDASM
2026-08-21 12:00:56,941 INFO  ExportHelperExtension.cs: 1148 - Proceeding through assembly components
2026-08-21 12:00:56,941 INFO  ExportHelperExtension.cs: 1160 - 3 components to check
2026-08-21 12:00:56,941 INFO  ExportHelperExtension.cs: 1125 - Retrieving features of type [CoordSys] from grippe_finger-3
2026-08-21 12:00:56,941 INFO  ExportHelperExtension.cs: 1136 - Found 23 in grippe_finger-3
2026-08-21 12:00:56,942 INFO  ExportHelperExtension.cs: 1145 - Found 0 features of type [CoordSys] in grippe_finger-3
2026-08-21 12:00:56,942 INFO  ExportHelperExtension.cs: 1125 - Retrieving features of type [CoordSys] from grippe_finger-2
2026-08-21 12:00:56,942 INFO  ExportHelperExtension.cs: 1136 - Found 23 in grippe_finger-2
2026-08-21 12:00:56,943 INFO  ExportHelperExtension.cs: 1145 - Found 0 features of type [CoordSys] in grippe_finger-2
2026-08-21 12:00:56,943 INFO  ExportHelperExtension.cs: 1125 - Retrieving features of type [CoordSys] from gripper_base-2
2026-08-21 12:00:56,943 INFO  ExportHelperExtension.cs: 1136 - Found 30 in gripper_base-2
2026-08-21 12:00:56,943 INFO  ExportHelperExtension.cs: 1145 - Found 0 features of type [CoordSys] in gripper_base-2
2026-08-21 12:00:56,944 INFO  ExportHelperExtension.cs: 1125 - Retrieving features of type [RefAxis] from ASSY_URDF.SLDASM
2026-08-21 12:00:56,944 INFO  ExportHelperExtension.cs: 1136 - Found 31 in ASSY_URDF.SLDASM
2026-08-21 12:00:56,944 INFO  ExportHelperExtension.cs: 1145 - Found 0 features of type [RefAxis] in ASSY_URDF.SLDASM
2026-08-21 12:00:56,945 INFO  ExportHelperExtension.cs: 1148 - Proceeding through assembly components
2026-08-21 12:00:56,945 INFO  ExportHelperExtension.cs: 1160 - 3 components to check
2026-08-21 12:00:56,945 INFO  ExportHelperExtension.cs: 1125 - Retrieving features of type [RefAxis] from grippe_finger-3
2026-08-21 12:00:56,945 INFO  ExportHelperExtension.cs: 1136 - Found 23 in grippe_finger-3
2026-08-21 12:00:56,946 INFO  ExportHelperExtension.cs: 1145 - Found 0 features of type [RefAxis] in grippe_finger-3
2026-08-21 12:00:56,946 INFO  ExportHelperExtension.cs: 1125 - Retrieving features of type [RefAxis] from grippe_finger-2
2026-08-21 12:00:56,946 INFO  ExportHelperExtension.cs: 1136 - Found 23 in grippe_finger-2
2026-08-21 12:00:56,946 INFO  ExportHelperExtension.cs: 1145 - Found 0 features of type [RefAxis] in grippe_finger-2
2026-08-21 12:00:56,947 INFO  ExportHelperExtension.cs: 1125 - Retrieving features of type [RefAxis] from gripper_base-2
2026-08-21 12:00:56,947 INFO  ExportHelperExtension.cs: 1136 - Found 30 in gripper_base-2
2026-08-21 12:00:56,947 INFO  ExportHelperExtension.cs: 1145 - Found 0 features of type [RefAxis] in gripper_base-2
2026-08-21 12:00:57,034 INFO  SwAddin.cs: 339 - Loading config tree
2026-08-21 12:00:57,035 INFO  ExportPropertyManagerExtension.cs: 520 - Starting new configuration
2026-08-21 12:00:57,036 INFO  SwAddin.cs: 344 - Showing property manager
2026-08-21 12:01:06,438 INFO  ExportPropertyManager.cs: 1136 - OnNumberBoxTrackingCompleted called. This method no longer throws an Exception. It just silently does nothing. Ok, except for this logging message
2026-08-21 12:01:06,632 INFO  ExportPropertyManager.cs: 1136 - OnNumberBoxTrackingCompleted called. This method no longer throws an Exception. It just silently does nothing. Ok, except for this logging message
2026-08-21 12:01:29,430 INFO  ExportPropertyManager.cs: 1036 - OnListboxSelectionChanged called. This method no longer throws an Exception. It just silently does nothing. Ok, except for this logging message
2026-08-21 12:01:44,474 INFO  ExportPropertyManager.cs: 422 - Configuration saved
2026-08-21 12:01:45,215 INFO  ExportHelperExtension.cs: 347 - Creating joint gripper_finger_1
2026-08-21 12:01:45,215 INFO  ExportHelperExtension.cs: 1397 - Fixing components for gripper_base
2026-08-21 12:01:45,216 INFO  ExportHelperExtension.cs: 1402 - Fixing 26
2026-08-21 12:01:45,216 INFO  ExportHelperExtension.cs: 1409 - Component 26 is already fixed
2026-08-21 12:01:45,369 INFO  ExportHelperExtension.cs: 832 - R1: 0, 0
2026-08-21 12:01:45,370 INFO  ExportHelperExtension.cs: 841 - R2: 0, 0
2026-08-21 12:01:45,370 INFO  ExportHelperExtension.cs: 845 - L1: 1, System.Double[]
2026-08-21 12:01:45,370 INFO  ExportHelperExtension.cs: 857 - L2: 0
2026-08-21 12:01:45,439 INFO  ExportHelperExtension.cs: 1247 - Parent SW Component: gripper_base-2
2026-08-21 12:01:45,440 INFO  ExportHelperExtension.cs: 1248 - Child SW Component: grippe_finger-2
2026-08-21 12:01:45,440 INFO  ExportHelperExtension.cs: 1253 - Determining limit mate eligibility 
2026-08-21 12:01:45,440 INFO  ExportHelperExtension.cs: 1259 - Adding component entity: grippe_finger-2
2026-08-21 12:01:45,440 INFO  ExportHelperExtension.cs: 1259 - Adding component entity: ASSY_URDF
2026-08-21 12:01:46,184 WARN  ExportHelperExtension.cs: 351 - Creating joint from parent gripper_base to child gripper_finger_1 failed
2026-08-21 12:01:46,192 INFO  ExportHelperExtension.cs: 347 - Creating joint gripper_finger_2
2026-08-21 12:01:46,192 INFO  ExportHelperExtension.cs: 1397 - Fixing components for gripper_base
2026-08-21 12:01:46,193 INFO  ExportHelperExtension.cs: 1402 - Fixing 26
2026-08-21 12:01:46,193 INFO  ExportHelperExtension.cs: 1409 - Component 26 is already fixed
2026-08-21 12:01:46,355 INFO  ExportHelperExtension.cs: 832 - R1: 0, 0
2026-08-21 12:01:46,356 INFO  ExportHelperExtension.cs: 841 - R2: 0, 0
2026-08-21 12:01:46,356 INFO  ExportHelperExtension.cs: 845 - L1: 1, System.Double[]
2026-08-21 12:01:46,356 INFO  ExportHelperExtension.cs: 857 - L2: 0
2026-08-21 12:01:46,427 INFO  ExportHelperExtension.cs: 1247 - Parent SW Component: gripper_base-2
2026-08-21 12:01:46,427 INFO  ExportHelperExtension.cs: 1248 - Child SW Component: grippe_finger-3
2026-08-21 12:01:46,428 INFO  ExportHelperExtension.cs: 1253 - Determining limit mate eligibility 
2026-08-21 12:01:46,428 INFO  ExportHelperExtension.cs: 1259 - Adding component entity: grippe_finger-3
2026-08-21 12:01:46,428 INFO  ExportHelperExtension.cs: 1259 - Adding component entity: ASSY_URDF
2026-08-21 12:01:47,164 WARN  ExportHelperExtension.cs: 351 - Creating joint from parent gripper_base to child gripper_finger_2 failed
2026-08-21 12:01:47,211 INFO  ExportHelperExtension.cs: 1125 - Retrieving features of type [CoordSys] from ASSY_URDF.SLDASM
2026-08-21 12:01:47,211 INFO  ExportHelperExtension.cs: 1136 - Found 38 in ASSY_URDF.SLDASM
2026-08-21 12:01:47,212 INFO  ExportHelperExtension.cs: 1145 - Found 3 features of type [CoordSys] in ASSY_URDF.SLDASM
2026-08-21 12:01:47,212 INFO  ExportHelperExtension.cs: 1148 - Proceeding through assembly components
2026-08-21 12:01:47,212 INFO  ExportHelperExtension.cs: 1160 - 3 components to check
2026-08-21 12:01:47,213 INFO  ExportHelperExtension.cs: 1125 - Retrieving features of type [CoordSys] from grippe_finger-3
2026-08-21 12:01:47,213 INFO  ExportHelperExtension.cs: 1136 - Found 23 in grippe_finger-3
2026-08-21 12:01:47,213 INFO  ExportHelperExtension.cs: 1145 - Found 0 features of type [CoordSys] in grippe_finger-3
2026-08-21 12:01:47,213 INFO  ExportHelperExtension.cs: 1125 - Retrieving features of type [CoordSys] from grippe_finger-2
2026-08-21 12:01:47,214 INFO  ExportHelperExtension.cs: 1136 - Found 23 in grippe_finger-2
2026-08-21 12:01:47,214 INFO  ExportHelperExtension.cs: 1145 - Found 0 features of type [CoordSys] in grippe_finger-2
2026-08-21 12:01:47,214 INFO  ExportHelperExtension.cs: 1125 - Retrieving features of type [CoordSys] from gripper_base-2
2026-08-21 12:01:47,215 INFO  ExportHelperExtension.cs: 1136 - Found 30 in gripper_base-2
2026-08-21 12:01:47,215 INFO  ExportHelperExtension.cs: 1145 - Found 0 features of type [CoordSys] in gripper_base-2
2026-08-21 12:01:47,215 INFO  ExportHelperExtension.cs: 1125 - Retrieving features of type [RefAxis] from ASSY_URDF.SLDASM
2026-08-21 12:01:47,216 INFO  ExportHelperExtension.cs: 1136 - Found 38 in ASSY_URDF.SLDASM
2026-08-21 12:01:47,216 INFO  ExportHelperExtension.cs: 1145 - Found 2 features of type [RefAxis] in ASSY_URDF.SLDASM
2026-08-21 12:01:47,216 INFO  ExportHelperExtension.cs: 1148 - Proceeding through assembly components
2026-08-21 12:01:47,216 INFO  ExportHelperExtension.cs: 1160 - 3 components to check
2026-08-21 12:01:47,217 INFO  ExportHelperExtension.cs: 1125 - Retrieving features of type [RefAxis] from grippe_finger-3
2026-08-21 12:01:47,217 INFO  ExportHelperExtension.cs: 1136 - Found 23 in grippe_finger-3
2026-08-21 12:01:47,217 INFO  ExportHelperExtension.cs: 1145 - Found 0 features of type [RefAxis] in grippe_finger-3
2026-08-21 12:01:47,218 INFO  ExportHelperExtension.cs: 1125 - Retrieving features of type [RefAxis] from grippe_finger-2
2026-08-21 12:01:47,218 INFO  ExportHelperExtension.cs: 1136 - Found 23 in grippe_finger-2
2026-08-21 12:01:47,218 INFO  ExportHelperExtension.cs: 1145 - Found 0 features of type [RefAxis] in grippe_finger-2
2026-08-21 12:01:47,218 INFO  ExportHelperExtension.cs: 1125 - Retrieving features of type [RefAxis] from gripper_base-2
2026-08-21 12:01:47,219 INFO  ExportHelperExtension.cs: 1136 - Found 30 in gripper_base-2
2026-08-21 12:01:47,219 INFO  ExportHelperExtension.cs: 1145 - Found 0 features of type [RefAxis] in gripper_base-2
2026-08-21 12:01:47,251 INFO  ExportPropertyManager.cs: 1142 - AfterClose called. This method no longer throws an Exception. It just silently does nothing. Ok, except for this logging message
2026-08-21 12:02:15,127 INFO  AssemblyExportForm.cs: 253 - Completing URDF export
2026-08-21 12:02:15,128 INFO  ConfigurationSerialization.cs: 276 - URDF Configuration found
<Link z:Id="i1" xmlns="http://schemas.datacontract.org/2004/07/SW2URDF" xmlns:i="http://www.w3.org/2001/XMLSchema-instance" xmlns:z="http://schemas.microsoft.com/2003/10/Serialization/"><Attributes><Attribute z:Id="i2"><AttributeType>name</AttributeType><IsRequired>true</IsRequired><Value i:type="a:string" xmlns:a="http://www.w3.org/2001/XMLSchema">gripper_base</Value></Attribute></Attributes><ChildElements><URDFElement z:Id="i3" i:type="Inertial"><Attributes/><ChildElements><URDFElement z:Id="i4" i:type="Origin"><Attributes><Attribute z:Id="i5"><AttributeType>xyz</AttributeType><IsRequired>true</IsRequired><Value i:type="a:ArrayOfdouble" xmlns:a="http://schemas.microsoft.com/2003/10/Serialization/Arrays"><a:double>0</a:double><a:double>0</a:double><a:double>0</a:double></Value></Attribute><Attribute z:Id="i6"><AttributeType>rpy</AttributeType><IsRequired>true</IsRequired><Value i:type="a:ArrayOfdouble" xmlns:a="http://schemas.microsoft.com/2003/10/Serialization/Arrays"><a:double>0</a:double><a:double>0</a:double><a:double>0</a:double></Value></Attribute></Attributes><ChildElements/><ElementName>origin</ElementName><required>false</required><RPYAttribute z:Ref="i6"/><XYZAttribute z:Ref="i5"/><isCustomized>false</isCustomized></URDFElement><URDFElement z:Id="i7" i:type="Mass"><Attributes><Attribute z:Id="i8"><AttributeType>value</AttributeType><IsRequired>true</IsRequired><Value i:type="a:double" xmlns:a="http://www.w3.org/2001/XMLSchema">0</Value></Attribute></Attributes><ChildElements/><ElementName>mass</ElementName><required>false</required><ValueAttribute z:Ref="i8"/></URDFElement><URDFElement z:Id="i9" i:type="Inertia"><Attributes><Attribute z:Id="i10"><AttributeType>ixx</AttributeType><IsRequired>true</IsRequired><Value i:type="a:double" xmlns:a="http://www.w3.org/2001/XMLSchema">0</Value></Attribute><Attribute z:Id="i11"><AttributeType>ixy</AttributeType><IsRequired>true</IsRequired><Value i:type="a:double" xmlns:a="http://www.w3.org/2001/XMLSchema">0</Value></Attribute><Attribute z:Id="i12"><AttributeType>ixz</AttributeType><IsRequired>true</IsRequired><Value i:type="a:double" xmlns:a="http://www.w3.org/2001/XMLSchema">0</Value></Attribute><Attribute z:Id="i13"><AttributeType>iyy</AttributeType><IsRequired>true</IsRequired><Value i:type="a:double" xmlns:a="http://www.w3.org/2001/XMLSchema">0</Value></Attribute><Attribute z:Id="i14"><AttributeType>iyz</AttributeType><IsRequired>true</IsRequired><Value i:type="a:double" xmlns:a="http://www.w3.org/2001/XMLSchema">0</Value></Attribute><Attribute z:Id="i15"><AttributeType>izz</AttributeType><IsRequired>true</IsRequired><Value i:type="a:double" xmlns:a="http://www.w3.org/2001/XMLSchema">0</Value></Attribute></Attributes><ChildElements/><ElementName>inertia</ElementName><required>false</required><IxxAttribute z:Ref="i10"/><IxyAttribute z:Ref="i11"/><IxzAttribute z:Ref="i12"/><IyyAttribute z:Ref="i13"/><IyzAttribute z:Ref="i14"/><IzzAttribute z:Ref="i15"/></URDFElement></ChildElements><ElementName>inertial</ElementName><required>false</required><Inertia z:Ref="i9"/><Mass z:Ref="i7"/><Origin z:Ref="i4"/></URDFElement><URDFElement z:Id="i16" i:type="Visual"><Attributes/><ChildElements><URDFElement z:Id="i17" i:type="Origin"><Attributes><Attribute z:Id="i18"><AttributeType>xyz</AttributeType><IsRequired>true</IsRequired><Value i:type="a:ArrayOfdouble" xmlns:a="http://schemas.microsoft.com/2003/10/Serialization/Arrays"><a:double>0</a:double><a:double>0</a:double><a:double>0</a:double></Value></Attribute><Attribute z:Id="i19"><AttributeType>rpy</AttributeType><IsRequired>true</IsRequired><Value i:type="a:ArrayOfdouble" xmlns:a="http://schemas.microsoft.com/2003/10/Serialization/Arrays"><a:double>0</a:double><a:double>0</a:double><a:double>0</a:double></Value></Attribute></Attributes><ChildElements/><ElementName>origin</ElementName><required>false</required><RPYAttribute z:Ref="i19"/><XYZAttribute z:Ref="i18"/><isCustomized>false</isCustomized></URDFElement><URDFElement z:Id="i20" i:type="Geometry"><Attributes/><ChildElements><URDFElement z:Id="i21" i:type="Mesh"><Attributes><Attribute z:Id="i22"><AttributeType>filename</AttributeType><IsRequired>true</IsRequired><Value i:nil="true"/></Attribute></Attributes><ChildElements/><ElementName>mesh</ElementName><required>false</required><FilenameAttribute z:Ref="i22"/></URDFElement></ChildElements><ElementName>geometry</ElementName><required>true</required><Mesh z:Ref="i21"/></URDFElement><URDFElement z:Id="i23" i:type="Material"><Attributes><Attribute z:Id="i24"><AttributeType>name</AttributeType><IsRequired>true</IsRequired><Value i:type="a:string" xmlns:a="http://www.w3.org/2001/XMLSchema"/></Attribute></Attributes><ChildElements><URDFElement z:Id="i25" i:type="Color"><Attributes><Attribute z:Id="i26"><AttributeType>rgba</AttributeType><IsRequired>true</IsRequired><Value i:type="a:ArrayOfdouble" xmlns:a="http://schemas.microsoft.com/2003/10/Serialization/Arrays"><a:double>1</a:double><a:double>1</a:double><a:double>1</a:double><a:double>1</a:double></Value></Attribute></Attributes><ChildElements/><ElementName>color</ElementName><required>false</required><RGBAAttribute z:Ref="i26"/></URDFElement><URDFElement z:Id="i27" i:type="Texture"><Attributes><Attribute z:Id="i28"><AttributeType>filename</AttributeType><IsRequired>true</IsRequired><Value i:nil="true"/></Attribute></Attributes><ChildElements/><ElementName>texture</ElementName><required>false</required><FilenameAttribute z:Ref="i28"/><wFilename/></URDFElement></ChildElements><ElementName>material</ElementName><required>false</required><Color z:Ref="i25"/><NameAttribute z:Ref="i24"/><Texture z:Ref="i27"/></URDFElement></ChildElements><ElementName>visual</ElementName><required>false</required><Geometry z:Ref="i20"/><Material z:Ref="i23"/><Origin z:Ref="i17"/></URDFElement><URDFElement z:Id="i29" i:type="Collision"><Attributes/><ChildElements><URDFElement z:Id="i30" i:type="Origin"><Attributes><Attribute z:Id="i31"><AttributeType>xyz</AttributeType><IsRequired>true</IsRequired><Value i:type="a:ArrayOfdouble" xmlns:a="http://schemas.microsoft.com/2003/10/Serialization/Arrays"><a:double>0</a:double><a:double>0</a:double><a:double>0</a:double></Value></Attribute><Attribute z:Id="i32"><AttributeType>rpy</AttributeType><IsRequired>true</IsRequired><Value i:type="a:ArrayOfdouble" xmlns:a="http://schemas.microsoft.com/2003/10/Serialization/Arrays"><a:double>0</a:double><a:double>0</a:double><a:double>0</a:double></Value></Attribute></Attributes><ChildElements/><ElementName>origin</ElementName><required>false</required><RPYAttribute z:Ref="i32"/><XYZAttribute z:Ref="i31"/><isCustomized>false</isCustomized></URDFElement><URDFElement z:Id="i33" i:type="Geometry"><Attributes/><ChildElements><URDFElement z:Id="i34" i:type="Mesh"><Attributes><Attribute z:Id="i35"><AttributeType>filename</AttributeType><IsRequired>true</IsRequired><Value i:nil="true"/></Attribute></Attributes><ChildElements/><ElementName>mesh</ElementName><required>false</required><FilenameAttribute z:Ref="i35"/></URDFElement></ChildElements><ElementName>geometry</ElementName><required>true</required><Mesh z:Ref="i34"/></URDFElement></ChildElements><ElementName>collision</ElementName><required>false</required><Geometry z:Ref="i33"/><Origin z:Ref="i30"/></URDFElement><URDFElement z:Id="i36" i:type="Joint"><Attributes><Attribute z:Id="i37"><AttributeType>name</AttributeType><IsRequired>true</IsRequired><Value i:type="a:string" xmlns:a="http://www.w3.org/2001/XMLSchema"/></Attribute><Attribute z:Id="i38"><AttributeType>type</AttributeType><IsRequired>true</IsRequired><Value i:type="a:string" xmlns:a="http://www.w3.org/2001/XMLSchema"/></Attribute></Attributes><ChildElements><URDFElement z:Id="i39" i:type="Origin"><Attributes><Attribute z:Id="i40"><AttributeType>xyz</AttributeType><IsRequired>true</IsRequired><Value i:type="a:ArrayOfdouble" xmlns:a="http://schemas.microsoft.com/2003/10/Serialization/Arrays"><a:double>0</a:double><a:double>0</a:double><a:double>0</a:double></Value></Attribute><Attribute z:Id="i41"><AttributeType>rpy</AttributeType><IsRequired>true</IsRequired><Value i:type="a:ArrayOfdouble" xmlns:a="http://schemas.microsoft.com/2003/10/Serialization/Arrays"><a:double>0</a:double><a:double>0</a:double><a:double>0</a:double></Value></Attribute></Attributes><ChildElements/><ElementName>origin</ElementName><required>false</required><RPYAttribute z:Ref="i41"/><XYZAttribute z:Ref="i40"/><isCustomized>false</isCustomized></URDFElement><URDFElement z:Id="i42" i:type="ParentLink"><Attributes><Attribute z:Id="i43"><AttributeType>link</AttributeType><IsRequired>true</IsRequired><Value i:type="a:string" xmlns:a="http://www.w3.org/2001/XMLSchema"/></Attribute></Attributes><ChildElements/><ElementName>parent</ElementName><required>true</required><NameAttribute z:Ref="i43"/></URDFElement><URDFElement z:Id="i44" i:type="ChildLink"><Attributes><Attribute z:Id="i45"><AttributeType>link</AttributeType><IsRequired>true</IsRequired><Value i:type="a:string" xmlns:a="http://www.w3.org/2001/XMLSchema"/></Attribute></Attributes><ChildElements/><ElementName>child</ElementName><required>true</required><NameAttribute z:Ref="i45"/></URDFElement><URDFElement z:Id="i46" i:type="Axis"><Attributes><Attribute z:Id="i47"><AttributeType>xyz</AttributeType><IsRequired>true</IsRequired><Value i:type="a:ArrayOfdouble" xmlns:a="http://schemas.microsoft.com/2003/10/Serialization/Arrays"><a:double>0</a:double><a:double>0</a:double><a:double>0</a:double></Value></Attribute></Attributes><ChildElements/><ElementName>axis</ElementName><required>false</required><XYZAttribute z:Ref="i47"/></URDFElement><URDFElement z:Id="i48" i:type="Limit"><Attributes><Attribute z:Id="i49"><AttributeType>lower</AttributeType><IsRequired>false</IsRequired><Value i:nil="true"/></Attribute><Attribute z:Id="i50"><AttributeType>upper</AttributeType><IsRequired>false</IsRequired><Value i:nil="true"/></Attribute><Attribute z:Id="i51"><AttributeType>effort</AttributeType><IsRequired>true</IsRequired><Value i:nil="true"/></Attribute><Attribute z:Id="i52"><AttributeType>velocity</AttributeType><IsRequired>true</IsRequired><Value i:nil="true"/></Attribute></Attributes><ChildElements/><ElementName>limit</ElementName><required>false</required><EffortAttribute z:Ref="i51"/><LowerAttribute z:Ref="i49"/><UpperAttribute z:Ref="i50"/><VelocityAttribute z:Ref="i52"/></URDFElement><URDFElement z:Id="i53" i:type="Calibration"><Attributes><Attribute z:Id="i54"><AttributeType>rising</AttributeType><IsRequired>false</IsRequired><Value i:nil="true"/></Attribute><Attribute z:Id="i55"><AttributeType>falling</AttributeType><IsRequired>false</IsRequired><Value i:nil="true"/></Attribute></Attributes><ChildElements/><ElementName>calibration</ElementName><required>false</required><FallingAttribute z:Ref="i55"/><RisingAttribute z:Ref="i54"/></URDFElement><URDFElement z:Id="i56" i:type="Dynamics"><Attributes><Attribute z:Id="i57"><AttributeType>damping</AttributeType><IsRequired>false</IsRequired><Value i:nil="true"/></Attribute><Attribute z:Id="i58"><AttributeType>friction</AttributeType><IsRequired>false</IsRequired><Value i:nil="true"/></Attribute></Attributes><ChildElements/><ElementName>dynamics</ElementName><required>false</required><DampingAttribute z:Ref="i57"/><FrictionAttribute z:Ref="i58"/></URDFElement><URDFElement z:Id="i59" i:type="SafetyController"><Attributes><Attribute z:Id="i60"><AttributeType>soft_upper_limit</AttributeType><IsRequired>false</IsRequired><Value i:nil="true"/></Attribute><Attribute z:Id="i61"><AttributeType>soft_lower_limit</AttributeType><IsRequired>false</IsRequired><Value i:nil="true"/></Attribute><Attribute z:Id="i62"><AttributeType>k_position</AttributeType><IsRequired>false</IsRequired><Value i:nil="true"/></Attribute><Attribute z:Id="i63"><AttributeType>k_velocity</AttributeType><IsRequired>true</IsRequired><Value i:nil="true"/></Attribute></Attributes><ChildElements/><ElementName>safety_controller</ElementName><required>false</required><KPositionAttribute z:Ref="i62"/><KVelocityAttribute z:Ref="i63"/><SoftLowerAttribute z:Ref="i61"/><SoftUpperAttribute z:Ref="i60"/></URDFElement><URDFElement z:Id="i64" i:type="Mimic"><Attributes><Attribute z:Id="i65"><AttributeType>joint</AttributeType><IsRequired>true</IsRequired><Value i:nil="true"/></Attribute><Attribute z:Id="i66"><AttributeType>multiplier</AttributeType><IsRequired>false</IsRequired><Value i:nil="true"/></Attribute><Attribute z:Id="i67"><AttributeType>offset</AttributeType><IsRequired>false</IsRequired><Value i:nil="true"/></Attribute></Attributes><ChildElements/><ElementName>mimic</ElementName><required>false</required><JointNameAttribute z:Ref="i65"/><MultiplierAttribute z:Ref="i66"/><OffsetAttribute z:Ref="i67"/></URDFElement></ChildElements><ElementName>joint</ElementName><required>false</required><Axis z:Ref="i46"/><AxisName/><Calibration z:Ref="i53"/><Child z:Ref="i44"/><CoordinateSystemName>Automatically Generate</CoordinateSystemName><Dynamics z:Ref="i56"/><Limit z:Ref="i48"/><Mimic z:Ref="i64"/><NameAttribute z:Ref="i37"/><Origin z:Ref="i39"/><Parent z:Ref="i42"/><Safety z:Ref="i59"/><TypeAttribute z:Ref="i38"/></URDFElement></ChildElements><ElementName>link</ElementName><required>true</required><Children><Link z:Id="i68"><Attributes><Attribute z:Id="i69"><AttributeType>name</AttributeType><IsRequired>true</IsRequired><Value i:type="a:string" xmlns:a="http://www.w3.org/2001/XMLSchema">gripper_finger_1</Value></Attribute></Attributes><ChildElements><URDFElement z:Id="i70" i:type="Inertial"><Attributes/><ChildElements><URDFElement z:Id="i71" i:type="Origin"><Attributes><Attribute z:Id="i72"><AttributeType>xyz</AttributeType><IsRequired>true</IsRequired><Value i:type="a:ArrayOfdouble" xmlns:a="http://schemas.microsoft.com/2003/10/Serialization/Arrays"><a:double>0</a:double><a:double>0</a:double><a:double>0</a:double></Value></Attribute><Attribute z:Id="i73"><AttributeType>rpy</AttributeType><IsRequired>true</IsRequired><Value i:type="a:ArrayOfdouble" xmlns:a="http://schemas.microsoft.com/2003/10/Serialization/Arrays"><a:double>0</a:double><a:double>0</a:double><a:double>0</a:double></Value></Attribute></Attributes><ChildElements/><ElementName>origin</ElementName><required>false</required><RPYAttribute z:Ref="i73"/><XYZAttribute z:Ref="i72"/><isCustomized>false</isCustomized></URDFElement><URDFElement z:Id="i74" i:type="Mass"><Attributes><Attribute z:Id="i75"><AttributeType>value</AttributeType><IsRequired>true</IsRequired><Value i:type="a:double" xmlns:a="http://www.w3.org/2001/XMLSchema">0</Value></Attribute></Attributes><ChildElements/><ElementName>mass</ElementName><required>false</required><ValueAttribute z:Ref="i75"/></URDFElement><URDFElement z:Id="i76" i:type="Inertia"><Attributes><Attribute z:Id="i77"><AttributeType>ixx</AttributeType><IsRequired>true</IsRequired><Value i:type="a:double" xmlns:a="http://www.w3.org/2001/XMLSchema">0</Value></Attribute><Attribute z:Id="i78"><AttributeType>ixy</AttributeType><IsRequired>true</IsRequired><Value i:type="a:double" xmlns:a="http://www.w3.org/2001/XMLSchema">0</Value></Attribute><Attribute z:Id="i79"><AttributeType>ixz</AttributeType><IsRequired>true</IsRequired><Value i:type="a:double" xmlns:a="http://www.w3.org/2001/XMLSchema">0</Value></Attribute><Attribute z:Id="i80"><AttributeType>iyy</AttributeType><IsRequired>true</IsRequired><Value i:type="a:double" xmlns:a="http://www.w3.org/2001/XMLSchema">0</Value></Attribute><Attribute z:Id="i81"><AttributeType>iyz</AttributeType><IsRequired>true</IsRequired><Value i:type="a:double" xmlns:a="http://www.w3.org/2001/XMLSchema">0</Value></Attribute><Attribute z:Id="i82"><AttributeType>izz</AttributeType><IsRequired>true</IsRequired><Value i:type="a:double" xmlns:a="http://www.w3.org/2001/XMLSchema">0</Value></Attribute></Attributes><ChildElements/><ElementName>inertia</ElementName><required>false</required><IxxAttribute z:Ref="i77"/><IxyAttribute z:Ref="i78"/><IxzAttribute z:Ref="i79"/><IyyAttribute z:Ref="i80"/><IyzAttribute z:Ref="i81"/><IzzAttribute z:Ref="i82"/></URDFElement></ChildElements><ElementName>inertial</ElementName><required>false</required><Inertia z:Ref="i76"/><Mass z:Ref="i74"/><Origin z:Ref="i71"/></URDFElement><URDFElement z:Id="i83" i:type="Visual"><Attributes/><ChildElements><URDFElement z:Id="i84" i:type="Origin"><Attributes><Attribute z:Id="i85"><AttributeType>xyz</AttributeType><IsRequired>true</IsRequired><Value i:type="a:ArrayOfdouble" xmlns:a="http://schemas.microsoft.com/2003/10/Serialization/Arrays"><a:double>0</a:double><a:double>0</a:double><a:double>0</a:double></Value></Attribute><Attribute z:Id="i86"><AttributeType>rpy</AttributeType><IsRequired>true</IsRequired><Value i:type="a:ArrayOfdouble" xmlns:a="http://schemas.microsoft.com/2003/10/Serialization/Arrays"><a:double>0</a:double><a:double>0</a:double><a:double>0</a:double></Value></Attribute></Attributes><ChildElements/><ElementName>origin</ElementName><required>false</required><RPYAttribute z:Ref="i86"/><XYZAttribute z:Ref="i85"/><isCustomized>false</isCustomized></URDFElement><URDFElement z:Id="i87" i:type="Geometry"><Attributes/><ChildElements><URDFElement z:Id="i88" i:type="Mesh"><Attributes><Attribute z:Id="i89"><AttributeType>filename</AttributeType><IsRequired>true</IsRequired><Value i:nil="true"/></Attribute></Attributes><ChildElements/><ElementName>mesh</ElementName><required>false</required><FilenameAttribute z:Ref="i89"/></URDFElement></ChildElements><ElementName>geometry</ElementName><required>true</required><Mesh z:Ref="i88"/></URDFElement><URDFElement z:Id="i90" i:type="Material"><Attributes><Attribute z:Id="i91"><AttributeType>name</AttributeType><IsRequired>true</IsRequired><Value i:type="a:string" xmlns:a="http://www.w3.org/2001/XMLSchema"/></Attribute></Attributes><ChildElements><URDFElement z:Id="i92" i:type="Color"><Attributes><Attribute z:Id="i93"><AttributeType>rgba</AttributeType><IsRequired>true</IsRequired><Value i:type="a:ArrayOfdouble" xmlns:a="http://schemas.microsoft.com/2003/10/Serialization/Arrays"><a:double>1</a:double><a:double>1</a:double><a:double>1</a:double><a:double>1</a:double></Value></Attribute></Attributes><ChildElements/><ElementName>color</ElementName><required>false</required><RGBAAttribute z:Ref="i93"/></URDFElement><URDFElement z:Id="i94" i:type="Texture"><Attributes><Attribute z:Id="i95"><AttributeType>filename</AttributeType><IsRequired>true</IsRequired><Value i:nil="true"/></Attribute></Attributes><ChildElements/><ElementName>texture</ElementName><required>false</required><FilenameAttribute z:Ref="i95"/><wFilename/></URDFElement></ChildElements><ElementName>material</ElementName><required>false</required><Color z:Ref="i92"/><NameAttribute z:Ref="i91"/><Texture z:Ref="i94"/></URDFElement></ChildElements><ElementName>visual</ElementName><required>false</required><Geometry z:Ref="i87"/><Material z:Ref="i90"/><Origin z:Ref="i84"/></URDFElement><URDFElement z:Id="i96" i:type="Collision"><Attributes/><ChildElements><URDFElement z:Id="i97" i:type="Origin"><Attributes><Attribute z:Id="i98"><AttributeType>xyz</AttributeType><IsRequired>true</IsRequired><Value i:type="a:ArrayOfdouble" xmlns:a="http://schemas.microsoft.com/2003/10/Serialization/Arrays"><a:double>0</a:double><a:double>0</a:double><a:double>0</a:double></Value></Attribute><Attribute z:Id="i99"><AttributeType>rpy</AttributeType><IsRequired>true</IsRequired><Value i:type="a:ArrayOfdouble" xmlns:a="http://schemas.microsoft.com/2003/10/Serialization/Arrays"><a:double>0</a:double><a:double>0</a:double><a:double>0</a:double></Value></Attribute></Attributes><ChildElements/><ElementName>origin</ElementName><required>false</required><RPYAttribute z:Ref="i99"/><XYZAttribute z:Ref="i98"/><isCustomized>false</isCustomized></URDFElement><URDFElement z:Id="i100" i:type="Geometry"><Attributes/><ChildElements><URDFElement z:Id="i101" i:type="Mesh"><Attributes><Attribute z:Id="i102"><AttributeType>filename</AttributeType><IsRequired>true</IsRequired><Value i:nil="true"/></Attribute></Attributes><ChildElements/><ElementName>mesh</ElementName><required>false</required><FilenameAttribute z:Ref="i102"/></URDFElement></ChildElements><ElementName>geometry</ElementName><required>true</required><Mesh z:Ref="i101"/></URDFElement></ChildElements><ElementName>collision</ElementName><required>false</required><Geometry z:Ref="i100"/><Origin z:Ref="i97"/></URDFElement><URDFElement z:Id="i103" i:type="Joint"><Attributes><Attribute z:Id="i104"><AttributeType>name</AttributeType><IsRequired>true</IsRequired><Value i:type="a:string" xmlns:a="http://www.w3.org/2001/XMLSchema">gripper_finger_1_joint</Value></Attribute><Attribute z:Id="i105"><AttributeType>type</AttributeType><IsRequired>true</IsRequired><Value i:type="a:string" xmlns:a="http://www.w3.org/2001/XMLSchema">Automatically Detect</Value></Attribute></Attributes><ChildElements><URDFElement z:Id="i106" i:type="Origin"><Attributes><Attribute z:Id="i107"><AttributeType>xyz</AttributeType><IsRequired>true</IsRequired><Value i:type="a:ArrayOfdouble" xmlns:a="http://schemas.microsoft.com/2003/10/Serialization/Arrays"><a:double>0</a:double><a:double>0</a:double><a:double>0</a:double></Value></Attribute><Attribute z:Id="i108"><AttributeType>rpy</AttributeType><IsRequired>true</IsRequired><Value i:type="a:ArrayOfdouble" xmlns:a="http://schemas.microsoft.com/2003/10/Serialization/Arrays"><a:double>0</a:double><a:double>0</a:double><a:double>0</a:double></Value></Attribute></Attributes><ChildElements/><ElementName>origin</ElementName><required>false</required><RPYAttribute z:Ref="i108"/><XYZAttribute z:Ref="i107"/><isCustomized>false</isCustomized></URDFElement><URDFElement z:Id="i109" i:type="ParentLink"><Attributes><Attribute z:Id="i110"><AttributeType>link</AttributeType><IsRequired>true</IsRequired><Value i:type="a:string" xmlns:a="http://www.w3.org/2001/XMLSchema"/></Attribute></Attributes><ChildElements/><ElementName>parent</ElementName><required>true</required><NameAttribute z:Ref="i110"/></URDFElement><URDFElement z:Id="i111" i:type="ChildLink"><Attributes><Attribute z:Id="i112"><AttributeType>link</AttributeType><IsRequired>true</IsRequired><Value i:type="a:string" xmlns:a="http://www.w3.org/2001/XMLSchema"/></Attribute></Attributes><ChildElements/><ElementName>child</ElementName><required>true</required><NameAttribute z:Ref="i112"/></URDFElement><URDFElement z:Id="i113" i:type="Axis"><Attributes><Attribute z:Id="i114"><AttributeType>xyz</AttributeType><IsRequired>true</IsRequired><Value i:type="a:ArrayOfdouble" xmlns:a="http://schemas.microsoft.com/2003/10/Serialization/Arrays"><a:double>0</a:double><a:double>0</a:double><a:double>0</a:double></Value></Attribute></Attributes><ChildElements/><ElementName>axis</ElementName><required>false</required><XYZAttribute z:Ref="i114"/></URDFElement><URDFElement z:Id="i115" i:type="Limit"><Attributes><Attribute z:Id="i116"><AttributeType>lower</AttributeType><IsRequired>false</IsRequired><Value i:nil="true"/></Attribute><Attribute z:Id="i117"><AttributeType>upper</AttributeType><IsRequired>false</IsRequired><Value i:nil="true"/></Attribute><Attribute z:Id="i118"><AttributeType>effort</AttributeType><IsRequired>true</IsRequired><Value i:nil="true"/></Attribute><Attribute z:Id="i119"><AttributeType>velocity</AttributeType><IsRequired>true</IsRequired><Value i:nil="true"/></Attribute></Attributes><ChildElements/><ElementName>limit</ElementName><required>false</required><EffortAttribute z:Ref="i118"/><LowerAttribute z:Ref="i116"/><UpperAttribute z:Ref="i117"/><VelocityAttribute z:Ref="i119"/></URDFElement><URDFElement z:Id="i120" i:type="Calibration"><Attributes><Attribute z:Id="i121"><AttributeType>rising</AttributeType><IsRequired>false</IsRequired><Value i:nil="true"/></Attribute><Attribute z:Id="i122"><AttributeType>falling</AttributeType><IsRequired>false</IsRequired><Value i:nil="true"/></Attribute></Attributes><ChildElements/><ElementName>calibration</ElementName><required>false</required><FallingAttribute z:Ref="i122"/><RisingAttribute z:Ref="i121"/></URDFElement><URDFElement z:Id="i123" i:type="Dynamics"><Attributes><Attribute z:Id="i124"><AttributeType>damping</AttributeType><IsRequired>false</IsRequired><Value i:nil="true"/></Attribute><Attribute z:Id="i125"><AttributeType>friction</AttributeType><IsRequired>false</IsRequired><Value i:nil="true"/></Attribute></Attributes><ChildElements/><ElementName>dynamics</ElementName><required>false</required><DampingAttribute z:Ref="i124"/><FrictionAttribute z:Ref="i125"/></URDFElement><URDFElement z:Id="i126" i:type="SafetyController"><Attributes><Attribute z:Id="i127"><AttributeType>soft_upper_limit</AttributeType><IsRequired>false</IsRequired><Value i:nil="true"/></Attribute><Attribute z:Id="i128"><AttributeType>soft_lower_limit</AttributeType><IsRequired>false</IsRequired><Value i:nil="true"/></Attribute><Attribute z:Id="i129"><AttributeType>k_position</AttributeType><IsRequired>false</IsRequired><Value i:nil="true"/></Attribute><Attribute z:Id="i130"><AttributeType>k_velocity</AttributeType><IsRequired>true</IsRequired><Value i:nil="true"/></Attribute></Attributes><ChildElements/><ElementName>safety_controller</ElementName><required>false</required><KPositionAttribute z:Ref="i129"/><KVelocityAttribute z:Ref="i130"/><SoftLowerAttribute z:Ref="i128"/><SoftUpperAttribute z:Ref="i127"/></URDFElement><URDFElement z:Id="i131" i:type="Mimic"><Attributes><Attribute z:Id="i132"><AttributeType>joint</AttributeType><IsRequired>true</IsRequired><Value i:nil="true"/></Attribute><Attribute z:Id="i133"><AttributeType>multiplier</AttributeType><IsRequired>false</IsRequired><Value i:nil="true"/></Attribute><Attribute z:Id="i134"><AttributeType>offset</AttributeType><IsRequired>false</IsRequired><Value i:nil="true"/></Attribute></Attributes><ChildElements/><ElementName>mimic</ElementName><required>false</required><JointNameAttribute z:Ref="i132"/><MultiplierAttribute z:Ref="i133"/><OffsetAttribute z:Ref="i134"/></URDFElement></ChildElements><ElementName>joint</ElementName><required>false</required><Axis z:Ref="i113"/><AxisName>Automatically Generate</AxisName><Calibration z:Ref="i120"/><Child z:Ref="i111"/><CoordinateSystemName>Automatically Generate</CoordinateSystemName><Dynamics z:Ref="i123"/><Limit z:Ref="i115"/><Mimic z:Ref="i131"/><NameAttribute z:Ref="i104"/><Origin z:Ref="i106"/><Parent z:Ref="i109"/><Safety z:Ref="i126"/><TypeAttribute z:Ref="i105"/></URDFElement></ChildElements><ElementName>link</ElementName><required>true</required><Children/><Collision z:Ref="i96"/><Inertial z:Ref="i70"/><Joint z:Ref="i103"/><NameAttribute z:Ref="i69"/><Parent z:Ref="i1"/><STLQualityFine>false</STLQualityFine><SWComponentPIDs xmlns:a="http://schemas.microsoft.com/2003/10/Serialization/Arrays"><a:base64Binary>sDYAAAUAAAD//v8ZZwByAGkAcABwAGUAXwBmAGkAbgBnAGUAcgAtADIAQABBAFMAUwBZAF8AVQBSAEQARgAEAAAAEAAAAAEAAAABAAAAGwAAAA==</a:base64Binary></SWComponentPIDs><SWMainComponentPID i:nil="true"/><Visual z:Ref="i83"/><isFixedFrame>false</isFixedFrame><isIncomplete>false</isIncomplete></Link><Link z:Id="i135"><Attributes><Attribute z:Id="i136"><AttributeType>name</AttributeType><IsRequired>true</IsRequired><Value i:type="a:string" xmlns:a="http://www.w3.org/2001/XMLSchema">gripper_finger_2</Value></Attribute></Attributes><ChildElements><URDFElement z:Id="i137" i:type="Inertial"><Attributes/><ChildElements><URDFElement z:Id="i138" i:type="Origin"><Attributes><Attribute z:Id="i139"><AttributeType>xyz</AttributeType><IsRequired>true</IsRequired><Value i:type="a:ArrayOfdouble" xmlns:a="http://schemas.microsoft.com/2003/10/Serialization/Arrays"><a:double>0</a:double><a:double>0</a:double><a:double>0</a:double></Value></Attribute><Attribute z:Id="i140"><AttributeType>rpy</AttributeType><IsRequired>true</IsRequired><Value i:type="a:ArrayOfdouble" xmlns:a="http://schemas.microsoft.com/2003/10/Serialization/Arrays"><a:double>0</a:double><a:double>0</a:double><a:double>0</a:double></Value></Attribute></Attributes><ChildElements/><ElementName>origin</ElementName><required>false</required><RPYAttribute z:Ref="i140"/><XYZAttribute z:Ref="i139"/><isCustomized>false</isCustomized></URDFElement><URDFElement z:Id="i141" i:type="Mass"><Attributes><Attribute z:Id="i142"><AttributeType>value</AttributeType><IsRequired>true</IsRequired><Value i:type="a:double" xmlns:a="http://www.w3.org/2001/XMLSchema">0</Value></Attribute></Attributes><ChildElements/><ElementName>mass</ElementName><required>false</required><ValueAttribute z:Ref="i142"/></URDFElement><URDFElement z:Id="i143" i:type="Inertia"><Attributes><Attribute z:Id="i144"><AttributeType>ixx</AttributeType><IsRequired>true</IsRequired><Value i:type="a:double" xmlns:a="http://www.w3.org/2001/XMLSchema">0</Value></Attribute><Attribute z:Id="i145"><AttributeType>ixy</AttributeType><IsRequired>true</IsRequired><Value i:type="a:double" xmlns:a="http://www.w3.org/2001/XMLSchema">0</Value></Attribute><Attribute z:Id="i146"><AttributeType>ixz</AttributeType><IsRequired>true</IsRequired><Value i:type="a:double" xmlns:a="http://www.w3.org/2001/XMLSchema">0</Value></Attribute><Attribute z:Id="i147"><AttributeType>iyy</AttributeType><IsRequired>true</IsRequired><Value i:type="a:double" xmlns:a="http://www.w3.org/2001/XMLSchema">0</Value></Attribute><Attribute z:Id="i148"><AttributeType>iyz</AttributeType><IsRequired>true</IsRequired><Value i:type="a:double" xmlns:a="http://www.w3.org/2001/XMLSchema">0</Value></Attribute><Attribute z:Id="i149"><AttributeType>izz</AttributeType><IsRequired>true</IsRequired><Value i:type="a:double" xmlns:a="http://www.w3.org/2001/XMLSchema">0</Value></Attribute></Attributes><ChildElements/><ElementName>inertia</ElementName><required>false</required><IxxAttribute z:Ref="i144"/><IxyAttribute z:Ref="i145"/><IxzAttribute z:Ref="i146"/><IyyAttribute z:Ref="i147"/><IyzAttribute z:Ref="i148"/><IzzAttribute z:Ref="i149"/></URDFElement></ChildElements><ElementName>inertial</ElementName><required>false</required><Inertia z:Ref="i143"/><Mass z:Ref="i141"/><Origin z:Ref="i138"/></URDFElement><URDFElement z:Id="i150" i:type="Visual"><Attributes/><ChildElements><URDFElement z:Id="i151" i:type="Origin"><Attributes><Attribute z:Id="i152"><AttributeType>xyz</AttributeType><IsRequired>true</IsRequired><Value i:type="a:ArrayOfdouble" xmlns:a="http://schemas.microsoft.com/2003/10/Serialization/Arrays"><a:double>0</a:double><a:double>0</a:double><a:double>0</a:double></Value></Attribute><Attribute z:Id="i153"><AttributeType>rpy</AttributeType><IsRequired>true</IsRequired><Value i:type="a:ArrayOfdouble" xmlns:a="http://schemas.microsoft.com/2003/10/Serialization/Arrays"><a:double>0</a:double><a:double>0</a:double><a:double>0</a:double></Value></Attribute></Attributes><ChildElements/><ElementName>origin</ElementName><required>false</required><RPYAttribute z:Ref="i153"/><XYZAttribute z:Ref="i152"/><isCustomized>false</isCustomized></URDFElement><URDFElement z:Id="i154" i:type="Geometry"><Attributes/><ChildElements><URDFElement z:Id="i155" i:type="Mesh"><Attributes><Attribute z:Id="i156"><AttributeType>filename</AttributeType><IsRequired>true</IsRequired><Value i:nil="true"/></Attribute></Attributes><ChildElements/><ElementName>mesh</ElementName><required>false</required><FilenameAttribute z:Ref="i156"/></URDFElement></ChildElements><ElementName>geometry</ElementName><required>true</required><Mesh z:Ref="i155"/></URDFElement><URDFElement z:Id="i157" i:type="Material"><Attributes><Attribute z:Id="i158"><AttributeType>name</AttributeType><IsRequired>true</IsRequired><Value i:type="a:string" xmlns:a="http://www.w3.org/2001/XMLSchema"/></Attribute></Attributes><ChildElements><URDFElement z:Id="i159" i:type="Color"><Attributes><Attribute z:Id="i160"><AttributeType>rgba</AttributeType><IsRequired>true</IsRequired><Value i:type="a:ArrayOfdouble" xmlns:a="http://schemas.microsoft.com/2003/10/Serialization/Arrays"><a:double>1</a:double><a:double>1</a:double><a:double>1</a:double><a:double>1</a:double></Value></Attribute></Attributes><ChildElements/><ElementName>color</ElementName><required>false</required><RGBAAttribute z:Ref="i160"/></URDFElement><URDFElement z:Id="i161" i:type="Texture"><Attributes><Attribute z:Id="i162"><AttributeType>filename</AttributeType><IsRequired>true</IsRequired><Value i:nil="true"/></Attribute></Attributes><ChildElements/><ElementName>texture</ElementName><required>false</required><FilenameAttribute z:Ref="i162"/><wFilename/></URDFElement></ChildElements><ElementName>material</ElementName><required>false</required><Color z:Ref="i159"/><NameAttribute z:Ref="i158"/><Texture z:Ref="i161"/></URDFElement></ChildElements><ElementName>visual</ElementName><required>false</required><Geometry z:Ref="i154"/><Material z:Ref="i157"/><Origin z:Ref="i151"/></URDFElement><URDFElement z:Id="i163" i:type="Collision"><Attributes/><ChildElements><URDFElement z:Id="i164" i:type="Origin"><Attributes><Attribute z:Id="i165"><AttributeType>xyz</AttributeType><IsRequired>true</IsRequired><Value i:type="a:ArrayOfdouble" xmlns:a="http://schemas.microsoft.com/2003/10/Serialization/Arrays"><a:double>0</a:double><a:double>0</a:double><a:double>0</a:double></Value></Attribute><Attribute z:Id="i166"><AttributeType>rpy</AttributeType><IsRequired>true</IsRequired><Value i:type="a:ArrayOfdouble" xmlns:a="http://schemas.microsoft.com/2003/10/Serialization/Arrays"><a:double>0</a:double><a:double>0</a:double><a:double>0</a:double></Value></Attribute></Attributes><ChildElements/><ElementName>origin</ElementName><required>false</required><RPYAttribute z:Ref="i166"/><XYZAttribute z:Ref="i165"/><isCustomized>false</isCustomized></URDFElement><URDFElement z:Id="i167" i:type="Geometry"><Attributes/><ChildElements><URDFElement z:Id="i168" i:type="Mesh"><Attributes><Attribute z:Id="i169"><AttributeType>filename</AttributeType><IsRequired>true</IsRequired><Value i:nil="true"/></Attribute></Attributes><ChildElements/><ElementName>mesh</ElementName><required>false</required><FilenameAttribute z:Ref="i169"/></URDFElement></ChildElements><ElementName>geometry</ElementName><required>true</required><Mesh z:Ref="i168"/></URDFElement></ChildElements><ElementName>collision</ElementName><required>false</required><Geometry z:Ref="i167"/><Origin z:Ref="i164"/></URDFElement><URDFElement z:Id="i170" i:type="Joint"><Attributes><Attribute z:Id="i171"><AttributeType>name</AttributeType><IsRequired>true</IsRequired><Value i:type="a:string" xmlns:a="http://www.w3.org/2001/XMLSchema">gripper_finger_2_joint</Value></Attribute><Attribute z:Id="i172"><AttributeType>type</AttributeType><IsRequired>true</IsRequired><Value i:type="a:string" xmlns:a="http://www.w3.org/2001/XMLSchema">Automatically Detect</Value></Attribute></Attributes><ChildElements><URDFElement z:Id="i173" i:type="Origin"><Attributes><Attribute z:Id="i174"><AttributeType>xyz</AttributeType><IsRequired>true</IsRequired><Value i:type="a:ArrayOfdouble" xmlns:a="http://schemas.microsoft.com/2003/10/Serialization/Arrays"><a:double>0</a:double><a:double>0</a:double><a:double>0</a:double></Value></Attribute><Attribute z:Id="i175"><AttributeType>rpy</AttributeType><IsRequired>true</IsRequired><Value i:type="a:ArrayOfdouble" xmlns:a="http://schemas.microsoft.com/2003/10/Serialization/Arrays"><a:double>0</a:double><a:double>0</a:double><a:double>0</a:double></Value></Attribute></Attributes><ChildElements/><ElementName>origin</ElementName><required>false</required><RPYAttribute z:Ref="i175"/><XYZAttribute z:Ref="i174"/><isCustomized>false</isCustomized></URDFElement><URDFElement z:Id="i176" i:type="ParentLink"><Attributes><Attribute z:Id="i177"><AttributeType>link</AttributeType><IsRequired>true</IsRequired><Value i:type="a:string" xmlns:a="http://www.w3.org/2001/XMLSchema"/></Attribute></Attributes><ChildElements/><ElementName>parent</ElementName><required>true</required><NameAttribute z:Ref="i177"/></URDFElement><URDFElement z:Id="i178" i:type="ChildLink"><Attributes><Attribute z:Id="i179"><AttributeType>link</AttributeType><IsRequired>true</IsRequired><Value i:type="a:string" xmlns:a="http://www.w3.org/2001/XMLSchema"/></Attribute></Attributes><ChildElements/><ElementName>child</ElementName><required>true</required><NameAttribute z:Ref="i179"/></URDFElement><URDFElement z:Id="i180" i:type="Axis"><Attributes><Attribute z:Id="i181"><AttributeType>xyz</AttributeType><IsRequired>true</IsRequired><Value i:type="a:ArrayOfdouble" xmlns:a="http://schemas.microsoft.com/2003/10/Serialization/Arrays"><a:double>0</a:double><a:double>0</a:double><a:double>0</a:double></Value></Attribute></Attributes><ChildElements/><ElementName>axis</ElementName><required>false</required><XYZAttribute z:Ref="i181"/></URDFElement><URDFElement z:Id="i182" i:type="Limit"><Attributes><Attribute z:Id="i183"><AttributeType>lower</AttributeType><IsRequired>false</IsRequired><Value i:nil="true"/></Attribute><Attribute z:Id="i184"><AttributeType>upper</AttributeType><IsRequired>false</IsRequired><Value i:nil="true"/></Attribute><Attribute z:Id="i185"><AttributeType>effort</AttributeType><IsRequired>true</IsRequired><Value i:nil="true"/></Attribute><Attribute z:Id="i186"><AttributeType>velocity</AttributeType><IsRequired>true</IsRequired><Value i:nil="true"/></Attribute></Attributes><ChildElements/><ElementName>limit</ElementName><required>false</required><EffortAttribute z:Ref="i185"/><LowerAttribute z:Ref="i183"/><UpperAttribute z:Ref="i184"/><VelocityAttribute z:Ref="i186"/></URDFElement><URDFElement z:Id="i187" i:type="Calibration"><Attributes><Attribute z:Id="i188"><AttributeType>rising</AttributeType><IsRequired>false</IsRequired><Value i:nil="true"/></Attribute><Attribute z:Id="i189"><AttributeType>falling</AttributeType><IsRequired>false</IsRequired><Value i:nil="true"/></Attribute></Attributes><ChildElements/><ElementName>calibration</ElementName><required>false</required><FallingAttribute z:Ref="i189"/><RisingAttribute z:Ref="i188"/></URDFElement><URDFElement z:Id="i190" i:type="Dynamics"><Attributes><Attribute z:Id="i191"><AttributeType>damping</AttributeType><IsRequired>false</IsRequired><Value i:nil="true"/></Attribute><Attribute z:Id="i192"><AttributeType>friction</AttributeType><IsRequired>false</IsRequired><Value i:nil="true"/></Attribute></Attributes><ChildElements/><ElementName>dynamics</ElementName><required>false</required><DampingAttribute z:Ref="i191"/><FrictionAttribute z:Ref="i192"/></URDFElement><URDFElement z:Id="i193" i:type="SafetyController"><Attributes><Attribute z:Id="i194"><AttributeType>soft_upper_limit</AttributeType><IsRequired>false</IsRequired><Value i:nil="true"/></Attribute><Attribute z:Id="i195"><AttributeType>soft_lower_limit</AttributeType><IsRequired>false</IsRequired><Value i:nil="true"/></Attribute><Attribute z:Id="i196"><AttributeType>k_position</AttributeType><IsRequired>false</IsRequired><Value i:nil="true"/></Attribute><Attribute z:Id="i197"><AttributeType>k_velocity</AttributeType><IsRequired>true</IsRequired><Value i:nil="true"/></Attribute></Attributes><ChildElements/><ElementName>safety_controller</ElementName><required>false</required><KPositionAttribute z:Ref="i196"/><KVelocityAttribute z:Ref="i197"/><SoftLowerAttribute z:Ref="i195"/><SoftUpperAttribute z:Ref="i194"/></URDFElement><URDFElement z:Id="i198" i:type="Mimic"><Attributes><Attribute z:Id="i199"><AttributeType>joint</AttributeType><IsRequired>true</IsRequired><Value i:nil="true"/></Attribute><Attribute z:Id="i200"><AttributeType>multiplier</AttributeType><IsRequired>false</IsRequired><Value i:nil="true"/></Attribute><Attribute z:Id="i201"><AttributeType>offset</AttributeType><IsRequired>false</IsRequired><Value i:nil="true"/></Attribute></Attributes><ChildElements/><ElementName>mimic</ElementName><required>false</required><JointNameAttribute z:Ref="i199"/><MultiplierAttribute z:Ref="i200"/><OffsetAttribute z:Ref="i201"/></URDFElement></ChildElements><ElementName>joint</ElementName><required>false</required><Axis z:Ref="i180"/><AxisName>Automatically Generate</AxisName><Calibration z:Ref="i187"/><Child z:Ref="i178"/><CoordinateSystemName>Automatically Generate</CoordinateSystemName><Dynamics z:Ref="i190"/><Limit z:Ref="i182"/><Mimic z:Ref="i198"/><NameAttribute z:Ref="i171"/><Origin z:Ref="i173"/><Parent z:Ref="i176"/><Safety z:Ref="i193"/><TypeAttribute z:Ref="i172"/></URDFElement></ChildElements><ElementName>link</ElementName><required>true</required><Children/><Collision z:Ref="i163"/><Inertial z:Ref="i137"/><Joint z:Ref="i170"/><NameAttribute z:Ref="i136"/><Parent z:Ref="i1"/><STLQualityFine>false</STLQualityFine><SWComponentPIDs xmlns:a="http://schemas.microsoft.com/2003/10/Serialization/Arrays"><a:base64Binary>sDYAAAUAAAD//v8ZZwByAGkAcABwAGUAXwBmAGkAbgBnAGUAcgAtADMAQABBAFMAUwBZAF8AVQBSAEQARgAEAAAAEAAAAAEAAAABAAAAHAAAAA==</a:base64Binary></SWComponentPIDs><SWMainComponentPID i:nil="true"/><Visual z:Ref="i150"/><isFixedFrame>false</isFixedFrame><isIncomplete>false</isIncomplete></Link></Children><Collision z:Ref="i29"/><Inertial z:Ref="i3"/><Joint z:Ref="i36"/><NameAttribute z:Ref="i2"/><Parent i:nil="true"/><STLQualityFine>false</STLQualityFine><SWComponentPIDs xmlns:a="http://schemas.microsoft.com/2003/10/Serialization/Arrays"><a:base64Binary>sDYAAAUAAAD//v8YZwByAGkAcABwAGUAcgBfAGIAYQBzAGUALQAyAEAAQQBTAFMAWQBfAFUAUgBEAEYABAAAABAAAAABAAAAAQAAABoAAAA=</a:base64Binary></SWComponentPIDs><SWMainComponentPID i:nil="true"/><Visual z:Ref="i16"/><isFixedFrame>false</isFixedFrame><isIncomplete>false</isIncomplete></Link>
2026-08-21 12:02:30,200 INFO  AssemblyExportForm.cs: 309 - Saving URDF package to D:\AIDIN_workspace\Manipulator_Workspace\z_aidin_gripper\aidin_gripper_2.1(노옵션버전)\스텝파일\ASSY_URDF.SLDASM
2026-08-21 12:02:30,201 INFO  ExportHelper.cs: 147 - Beginning the export process
2026-08-21 12:02:30,202 INFO  ExportHelper.cs: 153 - Creating package directories with name ASSY_URDF.SLDASM and save path D:\AIDIN_workspace\Manipulator_Workspace\z_aidin_gripper\aidin_gripper_2.1(노옵션버전)\스텝파일
2026-08-21 12:02:32,010 INFO  ExportHelper.cs: 162 - Creating CMakeLists.txt at D:\AIDIN_workspace\Manipulator_Workspace\z_aidin_gripper\aidin_gripper_2.1(노옵션버전)\스텝파일\ASSY_URDF.SLDASM\CMakeLists.txt
2026-08-21 12:02:32,011 INFO  ExportHelper.cs: 166 - Creating joint names config at D:\AIDIN_workspace\Manipulator_Workspace\z_aidin_gripper\aidin_gripper_2.1(노옵션버전)\스텝파일\ASSY_URDF.SLDASM\config\joint_names_ASSY_URDF.SLDASM.yaml
2026-08-21 12:02:32,012 INFO  ExportHelper.cs: 170 - Creating package.xml at D:\AIDIN_workspace\Manipulator_Workspace\z_aidin_gripper\aidin_gripper_2.1(노옵션버전)\스텝파일\ASSY_URDF.SLDASM\package.xml
2026-08-21 12:02:32,012 INFO  PackageXMLWriter.cs: 21 - Creating package.xml at D:\AIDIN_workspace\Manipulator_Workspace\z_aidin_gripper\aidin_gripper_2.1(노옵션버전)\스텝파일\ASSY_URDF.SLDASM\package.xml
2026-08-21 12:02:32,013 INFO  ExportHelper.cs: 177 - Creating RVIZ launch file in D:\AIDIN_workspace\Manipulator_Workspace\z_aidin_gripper\aidin_gripper_2.1(노옵션버전)\스텝파일\ASSY_URDF.SLDASM\launch\
2026-08-21 12:02:32,013 INFO  ExportHelper.cs: 182 - Creating Gazebo launch file in D:\AIDIN_workspace\Manipulator_Workspace\z_aidin_gripper\aidin_gripper_2.1(노옵션버전)\스텝파일\ASSY_URDF.SLDASM\launch\
2026-08-21 12:02:32,014 INFO  ExportHelper.cs: 187 - Saving existing STL preferences
2026-08-21 12:02:32,014 INFO  ExportHelper.cs: 450 - Saving users preferences
2026-08-21 12:02:32,015 INFO  ExportHelper.cs: 190 - Modifying STL preferences
2026-08-21 12:02:32,015 INFO  ExportHelper.cs: 464 - Setting STL preferences
2026-08-21 12:02:32,015 INFO  ExportHelper.cs: 196 - Found 0 hidden components 
2026-08-21 12:02:32,015 INFO  ExportHelper.cs: 197 - Hiding all components
2026-08-21 12:02:32,031 INFO  ExportHelper.cs: 204 - Beginning individual files export
2026-08-21 12:02:32,035 INFO  ExportHelper.cs: 270 - Exporting link: gripper_base
2026-08-21 12:02:32,035 INFO  ExportHelper.cs: 272 - Link gripper_base has 2 children
2026-08-21 12:02:32,036 INFO  ExportHelper.cs: 270 - Exporting link: gripper_finger_1
2026-08-21 12:02:32,036 INFO  ExportHelper.cs: 272 - Link gripper_finger_1 has 0 children
2026-08-21 12:02:32,036 INFO  ExportHelper.cs: 317 - gripper_finger_1: Exporting STL with coordinate frame Origin_gripper_finger_1_joint
2026-08-21 12:02:32,037 INFO  ExportHelper.cs: 322 - gripper_finger_1: Reference geometry name 
2026-08-21 12:02:32,053 INFO  ExportHelper.cs: 330 - Saving STL to D:\AIDIN_workspace\Manipulator_Workspace\z_aidin_gripper\aidin_gripper_2.1(노옵션버전)\스텝파일\ASSY_URDF.SLDASM\meshes\gripper_finger_1.STL
2026-08-21 12:02:32,151 INFO  ExportHelper.cs: 405 - Removing SW header in STL file
2026-08-21 12:02:32,152 INFO  ExportHelper.cs: 270 - Exporting link: gripper_finger_2
2026-08-21 12:02:32,153 INFO  ExportHelper.cs: 272 - Link gripper_finger_2 has 0 children
2026-08-21 12:02:32,153 INFO  ExportHelper.cs: 317 - gripper_finger_2: Exporting STL with coordinate frame Origin_gripper_finger_2_joint
2026-08-21 12:02:32,153 INFO  ExportHelper.cs: 322 - gripper_finger_2: Reference geometry name 
2026-08-21 12:02:32,161 INFO  ExportHelper.cs: 330 - Saving STL to D:\AIDIN_workspace\Manipulator_Workspace\z_aidin_gripper\aidin_gripper_2.1(노옵션버전)\스텝파일\ASSY_URDF.SLDASM\meshes\gripper_finger_2.STL
2026-08-21 12:02:32,264 INFO  ExportHelper.cs: 405 - Removing SW header in STL file
2026-08-21 12:02:32,264 INFO  ExportHelper.cs: 317 - gripper_base: Exporting STL with coordinate frame Origin_global
2026-08-21 12:02:32,265 INFO  ExportHelper.cs: 322 - gripper_base: Reference geometry name 
2026-08-21 12:02:32,275 INFO  ExportHelper.cs: 330 - Saving STL to D:\AIDIN_workspace\Manipulator_Workspace\z_aidin_gripper\aidin_gripper_2.1(노옵션버전)\스텝파일\ASSY_URDF.SLDASM\meshes\gripper_base.STL
2026-08-21 12:02:32,375 INFO  ExportHelper.cs: 405 - Removing SW header in STL file
2026-08-21 12:02:32,375 INFO  ExportHelper.cs: 145 - Showing all components except previously hidden components
2026-08-21 12:02:32,391 INFO  ExportHelper.cs: 145 - Resetting STL preferences
2026-08-21 12:02:32,392 INFO  ExportHelper.cs: 478 - Returning STL preferences to user preferences
2026-08-21 12:02:32,392 INFO  ExportHelper.cs: 228 - Writing URDF file to D:\AIDIN_workspace\Manipulator_Workspace\z_aidin_gripper\aidin_gripper_2.1(노옵션버전)\스텝파일\ASSY_URDF.SLDASM\urdf\ASSY_URDF.SLDASM.urdf
2026-08-21 12:02:32,393 INFO  CSVImportExport.cs: 32 - Writing CSV file D:\AIDIN_workspace\Manipulator_Workspace\z_aidin_gripper\aidin_gripper_2.1(노옵션버전)\스텝파일\ASSY_URDF.SLDASM\urdf\ASSY_URDF.SLDASM.csv
2026-08-21 12:02:32,394 ERROR CSVImportExport.cs: 130 - The following columns were not written to the CSV: Link.Joint.ChildLink.link,
2026-08-21 12:02:32,394 ERROR CSVImportExport.cs: 130 - The following columns were not written to the CSV: Link.Joint.ChildLink.link,
2026-08-21 12:02:32,395 ERROR CSVImportExport.cs: 130 - The following columns were not written to the CSV: Link.Joint.ChildLink.link,
2026-08-21 12:02:32,395 INFO  ExportHelper.cs: 234 - Copying log file
2026-08-21 12:02:32,396 INFO  ExportHelper.cs: 439 - Copying C:\Users\Hyo-jong_CAD\sw2urdf_logs\sw2urdf.log to D:\AIDIN_workspace\Manipulator_Workspace\z_aidin_gripper\aidin_gripper_2.1(노옵션버전)\스텝파일\ASSY_URDF.SLDASM\export.log
2026-08-21 12:02:32,396 INFO  ExportHelper.cs: 237 - Resetting STL preferences
2026-08-21 12:02:32,397 INFO  ExportHelper.cs: 478 - Returning STL preferences to user preferences
2026-08-21 12:05:58,211 INFO  SwAddin.cs: 294 - Assembly export called for file ASSY_URDF.SLDASM
2026-08-21 12:05:59,928 INFO  SwAddin.cs: 313 - Saving assembly
2026-08-21 12:06:00,015 INFO  SwAddin.cs: 316 - Opening property manager
2026-08-21 12:06:00,016 INFO  ExportHelperExtension.cs: 1125 - Retrieving features of type [CoordSys] from ASSY_URDF.SLDASM
2026-08-21 12:06:00,017 INFO  ExportHelperExtension.cs: 1136 - Found 31 in ASSY_URDF.SLDASM
2026-08-21 12:06:00,017 INFO  ExportHelperExtension.cs: 1145 - Found 0 features of type [CoordSys] in ASSY_URDF.SLDASM
2026-08-21 12:06:00,017 INFO  ExportHelperExtension.cs: 1148 - Proceeding through assembly components
2026-08-21 12:06:00,018 INFO  ExportHelperExtension.cs: 1160 - 3 components to check
2026-08-21 12:06:00,018 INFO  ExportHelperExtension.cs: 1125 - Retrieving features of type [CoordSys] from grippe_finger-3
2026-08-21 12:06:00,018 INFO  ExportHelperExtension.cs: 1136 - Found 23 in grippe_finger-3
2026-08-21 12:06:00,019 INFO  ExportHelperExtension.cs: 1145 - Found 0 features of type [CoordSys] in grippe_finger-3
2026-08-21 12:06:00,019 INFO  ExportHelperExtension.cs: 1125 - Retrieving features of type [CoordSys] from grippe_finger-2
2026-08-21 12:06:00,019 INFO  ExportHelperExtension.cs: 1136 - Found 23 in grippe_finger-2
2026-08-21 12:06:00,020 INFO  ExportHelperExtension.cs: 1145 - Found 0 features of type [CoordSys] in grippe_finger-2
2026-08-21 12:06:00,020 INFO  ExportHelperExtension.cs: 1125 - Retrieving features of type [CoordSys] from gripper_base-2
2026-08-21 12:06:00,020 INFO  ExportHelperExtension.cs: 1136 - Found 30 in gripper_base-2
2026-08-21 12:06:00,020 INFO  ExportHelperExtension.cs: 1145 - Found 0 features of type [CoordSys] in gripper_base-2
2026-08-21 12:06:00,021 INFO  ExportHelperExtension.cs: 1125 - Retrieving features of type [RefAxis] from ASSY_URDF.SLDASM
2026-08-21 12:06:00,021 INFO  ExportHelperExtension.cs: 1136 - Found 31 in ASSY_URDF.SLDASM
2026-08-21 12:06:00,021 INFO  ExportHelperExtension.cs: 1145 - Found 0 features of type [RefAxis] in ASSY_URDF.SLDASM
2026-08-21 12:06:00,022 INFO  ExportHelperExtension.cs: 1148 - Proceeding through assembly components
2026-08-21 12:06:00,032 INFO  ExportHelperExtension.cs: 1160 - 3 components to check
2026-08-21 12:06:00,032 INFO  ExportHelperExtension.cs: 1125 - Retrieving features of type [RefAxis] from grippe_finger-3
2026-08-21 12:06:00,033 INFO  ExportHelperExtension.cs: 1136 - Found 23 in grippe_finger-3
2026-08-21 12:06:00,033 INFO  ExportHelperExtension.cs: 1145 - Found 0 features of type [RefAxis] in grippe_finger-3
2026-08-21 12:06:00,033 INFO  ExportHelperExtension.cs: 1125 - Retrieving features of type [RefAxis] from grippe_finger-2
2026-08-21 12:06:00,034 INFO  ExportHelperExtension.cs: 1136 - Found 23 in grippe_finger-2
2026-08-21 12:06:00,034 INFO  ExportHelperExtension.cs: 1145 - Found 0 features of type [RefAxis] in grippe_finger-2
2026-08-21 12:06:00,034 INFO  ExportHelperExtension.cs: 1125 - Retrieving features of type [RefAxis] from gripper_base-2
2026-08-21 12:06:00,046 INFO  ExportHelperExtension.cs: 1136 - Found 30 in gripper_base-2
2026-08-21 12:06:00,047 INFO  ExportHelperExtension.cs: 1145 - Found 0 features of type [RefAxis] in gripper_base-2
2026-08-21 12:06:00,148 INFO  SwAddin.cs: 339 - Loading config tree
2026-08-21 12:06:00,148 INFO  ExportPropertyManagerExtension.cs: 520 - Starting new configuration
2026-08-21 12:06:00,150 INFO  SwAddin.cs: 344 - Showing property manager
2026-08-21 12:06:08,598 INFO  ExportPropertyManager.cs: 1136 - OnNumberBoxTrackingCompleted called. This method no longer throws an Exception. It just silently does nothing. Ok, except for this logging message
2026-08-21 12:06:08,731 INFO  ExportPropertyManager.cs: 1136 - OnNumberBoxTrackingCompleted called. This method no longer throws an Exception. It just silently does nothing. Ok, except for this logging message
2026-08-21 12:06:30,547 INFO  ExportPropertyManager.cs: 422 - Configuration saved
2026-08-21 12:06:31,287 INFO  ExportHelperExtension.cs: 347 - Creating joint gripper_joint_1
2026-08-21 12:06:31,288 INFO  ExportHelperExtension.cs: 1397 - Fixing components for gripper_base
2026-08-21 12:06:31,288 INFO  ExportHelperExtension.cs: 1402 - Fixing 26
2026-08-21 12:06:31,288 INFO  ExportHelperExtension.cs: 1409 - Component 26 is already fixed
2026-08-21 12:06:31,443 INFO  ExportHelperExtension.cs: 832 - R1: 0, 0
2026-08-21 12:06:31,444 INFO  ExportHelperExtension.cs: 841 - R2: 0, 0
2026-08-21 12:06:31,444 INFO  ExportHelperExtension.cs: 845 - L1: 1, System.Double[]
2026-08-21 12:06:31,444 INFO  ExportHelperExtension.cs: 857 - L2: 0
2026-08-21 12:06:31,516 INFO  ExportHelperExtension.cs: 1247 - Parent SW Component: gripper_base-2
2026-08-21 12:06:31,517 INFO  ExportHelperExtension.cs: 1248 - Child SW Component: grippe_finger-3
2026-08-21 12:06:31,517 INFO  ExportHelperExtension.cs: 1253 - Determining limit mate eligibility 
2026-08-21 12:06:31,518 INFO  ExportHelperExtension.cs: 1259 - Adding component entity: grippe_finger-3
2026-08-21 12:06:31,518 INFO  ExportHelperExtension.cs: 1259 - Adding component entity: ASSY_URDF
2026-08-21 12:06:32,256 WARN  ExportHelperExtension.cs: 351 - Creating joint from parent gripper_base to child gripper_joint_1 failed
2026-08-21 12:06:32,264 INFO  ExportHelperExtension.cs: 347 - Creating joint gripper_joint_2
2026-08-21 12:06:32,264 INFO  ExportHelperExtension.cs: 1397 - Fixing components for gripper_base
2026-08-21 12:06:32,265 INFO  ExportHelperExtension.cs: 1402 - Fixing 26
2026-08-21 12:06:32,265 INFO  ExportHelperExtension.cs: 1409 - Component 26 is already fixed
2026-08-21 12:06:32,431 INFO  ExportHelperExtension.cs: 832 - R1: 0, 0
2026-08-21 12:06:32,432 INFO  ExportHelperExtension.cs: 841 - R2: 0, 0
2026-08-21 12:06:32,432 INFO  ExportHelperExtension.cs: 845 - L1: 1, System.Double[]
2026-08-21 12:06:32,432 INFO  ExportHelperExtension.cs: 857 - L2: 0
2026-08-21 12:06:32,508 INFO  ExportHelperExtension.cs: 1247 - Parent SW Component: gripper_base-2
2026-08-21 12:06:32,508 INFO  ExportHelperExtension.cs: 1248 - Child SW Component: grippe_finger-2
2026-08-21 12:06:32,509 INFO  ExportHelperExtension.cs: 1253 - Determining limit mate eligibility 
2026-08-21 12:06:32,509 INFO  ExportHelperExtension.cs: 1259 - Adding component entity: grippe_finger-2
2026-08-21 12:06:32,509 INFO  ExportHelperExtension.cs: 1259 - Adding component entity: ASSY_URDF
2026-08-21 12:06:33,272 WARN  ExportHelperExtension.cs: 351 - Creating joint from parent gripper_base to child gripper_joint_2 failed
2026-08-21 12:06:33,320 INFO  ExportHelperExtension.cs: 1125 - Retrieving features of type [CoordSys] from ASSY_URDF.SLDASM
2026-08-21 12:06:33,321 INFO  ExportHelperExtension.cs: 1136 - Found 38 in ASSY_URDF.SLDASM
2026-08-21 12:06:33,321 INFO  ExportHelperExtension.cs: 1145 - Found 3 features of type [CoordSys] in ASSY_URDF.SLDASM
2026-08-21 12:06:33,321 INFO  ExportHelperExtension.cs: 1148 - Proceeding through assembly components
2026-08-21 12:06:33,322 INFO  ExportHelperExtension.cs: 1160 - 3 components to check
2026-08-21 12:06:33,322 INFO  ExportHelperExtension.cs: 1125 - Retrieving features of type [CoordSys] from grippe_finger-3
2026-08-21 12:06:33,322 INFO  ExportHelperExtension.cs: 1136 - Found 23 in grippe_finger-3
2026-08-21 12:06:33,323 INFO  ExportHelperExtension.cs: 1145 - Found 0 features of type [CoordSys] in grippe_finger-3
2026-08-21 12:06:33,323 INFO  ExportHelperExtension.cs: 1125 - Retrieving features of type [CoordSys] from grippe_finger-2
2026-08-21 12:06:33,323 INFO  ExportHelperExtension.cs: 1136 - Found 23 in grippe_finger-2
2026-08-21 12:06:33,323 INFO  ExportHelperExtension.cs: 1145 - Found 0 features of type [CoordSys] in grippe_finger-2
2026-08-21 12:06:33,324 INFO  ExportHelperExtension.cs: 1125 - Retrieving features of type [CoordSys] from gripper_base-2
2026-08-21 12:06:33,324 INFO  ExportHelperExtension.cs: 1136 - Found 30 in gripper_base-2
2026-08-21 12:06:33,324 INFO  ExportHelperExtension.cs: 1145 - Found 0 features of type [CoordSys] in gripper_base-2
2026-08-21 12:06:33,325 INFO  ExportHelperExtension.cs: 1125 - Retrieving features of type [RefAxis] from ASSY_URDF.SLDASM
2026-08-21 12:06:33,325 INFO  ExportHelperExtension.cs: 1136 - Found 38 in ASSY_URDF.SLDASM
2026-08-21 12:06:33,325 INFO  ExportHelperExtension.cs: 1145 - Found 2 features of type [RefAxis] in ASSY_URDF.SLDASM
2026-08-21 12:06:33,326 INFO  ExportHelperExtension.cs: 1148 - Proceeding through assembly components
2026-08-21 12:06:33,326 INFO  ExportHelperExtension.cs: 1160 - 3 components to check
2026-08-21 12:06:33,326 INFO  ExportHelperExtension.cs: 1125 - Retrieving features of type [RefAxis] from grippe_finger-3
2026-08-21 12:06:33,326 INFO  ExportHelperExtension.cs: 1136 - Found 23 in grippe_finger-3
2026-08-21 12:06:33,327 INFO  ExportHelperExtension.cs: 1145 - Found 0 features of type [RefAxis] in grippe_finger-3
2026-08-21 12:06:33,327 INFO  ExportHelperExtension.cs: 1125 - Retrieving features of type [RefAxis] from grippe_finger-2
2026-08-21 12:06:33,327 INFO  ExportHelperExtension.cs: 1136 - Found 23 in grippe_finger-2
2026-08-21 12:06:33,328 INFO  ExportHelperExtension.cs: 1145 - Found 0 features of type [RefAxis] in grippe_finger-2
2026-08-21 12:06:33,328 INFO  ExportHelperExtension.cs: 1125 - Retrieving features of type [RefAxis] from gripper_base-2
2026-08-21 12:06:33,328 INFO  ExportHelperExtension.cs: 1136 - Found 30 in gripper_base-2
2026-08-21 12:06:33,328 INFO  ExportHelperExtension.cs: 1145 - Found 0 features of type [RefAxis] in gripper_base-2
2026-08-21 12:06:33,359 INFO  ExportPropertyManager.cs: 1142 - AfterClose called. This method no longer throws an Exception. It just silently does nothing. Ok, except for this logging message
2026-08-21 12:07:38,082 INFO  AssemblyExportForm.cs: 253 - Completing URDF export
2026-08-21 12:07:38,083 INFO  ConfigurationSerialization.cs: 276 - URDF Configuration found
<Link z:Id="i1" xmlns="http://schemas.datacontract.org/2004/07/SW2URDF" xmlns:i="http://www.w3.org/2001/XMLSchema-instance" xmlns:z="http://schemas.microsoft.com/2003/10/Serialization/"><Attributes><Attribute z:Id="i2"><AttributeType>name</AttributeType><IsRequired>true</IsRequired><Value i:type="a:string" xmlns:a="http://www.w3.org/2001/XMLSchema">gripper_base</Value></Attribute></Attributes><ChildElements><URDFElement z:Id="i3" i:type="Inertial"><Attributes/><ChildElements><URDFElement z:Id="i4" i:type="Origin"><Attributes><Attribute z:Id="i5"><AttributeType>xyz</AttributeType><IsRequired>true</IsRequired><Value i:type="a:ArrayOfdouble" xmlns:a="http://schemas.microsoft.com/2003/10/Serialization/Arrays"><a:double>0</a:double><a:double>0</a:double><a:double>0</a:double></Value></Attribute><Attribute z:Id="i6"><AttributeType>rpy</AttributeType><IsRequired>true</IsRequired><Value i:type="a:ArrayOfdouble" xmlns:a="http://schemas.microsoft.com/2003/10/Serialization/Arrays"><a:double>0</a:double><a:double>0</a:double><a:double>0</a:double></Value></Attribute></Attributes><ChildElements/><ElementName>origin</ElementName><required>false</required><RPYAttribute z:Ref="i6"/><XYZAttribute z:Ref="i5"/><isCustomized>false</isCustomized></URDFElement><URDFElement z:Id="i7" i:type="Mass"><Attributes><Attribute z:Id="i8"><AttributeType>value</AttributeType><IsRequired>true</IsRequired><Value i:type="a:double" xmlns:a="http://www.w3.org/2001/XMLSchema">0</Value></Attribute></Attributes><ChildElements/><ElementName>mass</ElementName><required>false</required><ValueAttribute z:Ref="i8"/></URDFElement><URDFElement z:Id="i9" i:type="Inertia"><Attributes><Attribute z:Id="i10"><AttributeType>ixx</AttributeType><IsRequired>true</IsRequired><Value i:type="a:double" xmlns:a="http://www.w3.org/2001/XMLSchema">0</Value></Attribute><Attribute z:Id="i11"><AttributeType>ixy</AttributeType><IsRequired>true</IsRequired><Value i:type="a:double" xmlns:a="http://www.w3.org/2001/XMLSchema">0</Value></Attribute><Attribute z:Id="i12"><AttributeType>ixz</AttributeType><IsRequired>true</IsRequired><Value i:type="a:double" xmlns:a="http://www.w3.org/2001/XMLSchema">0</Value></Attribute><Attribute z:Id="i13"><AttributeType>iyy</AttributeType><IsRequired>true</IsRequired><Value i:type="a:double" xmlns:a="http://www.w3.org/2001/XMLSchema">0</Value></Attribute><Attribute z:Id="i14"><AttributeType>iyz</AttributeType><IsRequired>true</IsRequired><Value i:type="a:double" xmlns:a="http://www.w3.org/2001/XMLSchema">0</Value></Attribute><Attribute z:Id="i15"><AttributeType>izz</AttributeType><IsRequired>true</IsRequired><Value i:type="a:double" xmlns:a="http://www.w3.org/2001/XMLSchema">0</Value></Attribute></Attributes><ChildElements/><ElementName>inertia</ElementName><required>false</required><IxxAttribute z:Ref="i10"/><IxyAttribute z:Ref="i11"/><IxzAttribute z:Ref="i12"/><IyyAttribute z:Ref="i13"/><IyzAttribute z:Ref="i14"/><IzzAttribute z:Ref="i15"/></URDFElement></ChildElements><ElementName>inertial</ElementName><required>false</required><Inertia z:Ref="i9"/><Mass z:Ref="i7"/><Origin z:Ref="i4"/></URDFElement><URDFElement z:Id="i16" i:type="Visual"><Attributes/><ChildElements><URDFElement z:Id="i17" i:type="Origin"><Attributes><Attribute z:Id="i18"><AttributeType>xyz</AttributeType><IsRequired>true</IsRequired><Value i:type="a:ArrayOfdouble" xmlns:a="http://schemas.microsoft.com/2003/10/Serialization/Arrays"><a:double>0</a:double><a:double>0</a:double><a:double>0</a:double></Value></Attribute><Attribute z:Id="i19"><AttributeType>rpy</AttributeType><IsRequired>true</IsRequired><Value i:type="a:ArrayOfdouble" xmlns:a="http://schemas.microsoft.com/2003/10/Serialization/Arrays"><a:double>0</a:double><a:double>0</a:double><a:double>0</a:double></Value></Attribute></Attributes><ChildElements/><ElementName>origin</ElementName><required>false</required><RPYAttribute z:Ref="i19"/><XYZAttribute z:Ref="i18"/><isCustomized>false</isCustomized></URDFElement><URDFElement z:Id="i20" i:type="Geometry"><Attributes/><ChildElements><URDFElement z:Id="i21" i:type="Mesh"><Attributes><Attribute z:Id="i22"><AttributeType>filename</AttributeType><IsRequired>true</IsRequired><Value i:nil="true"/></Attribute></Attributes><ChildElements/><ElementName>mesh</ElementName><required>false</required><FilenameAttribute z:Ref="i22"/></URDFElement></ChildElements><ElementName>geometry</ElementName><required>true</required><Mesh z:Ref="i21"/></URDFElement><URDFElement z:Id="i23" i:type="Material"><Attributes><Attribute z:Id="i24"><AttributeType>name</AttributeType><IsRequired>true</IsRequired><Value i:type="a:string" xmlns:a="http://www.w3.org/2001/XMLSchema"/></Attribute></Attributes><ChildElements><URDFElement z:Id="i25" i:type="Color"><Attributes><Attribute z:Id="i26"><AttributeType>rgba</AttributeType><IsRequired>true</IsRequired><Value i:type="a:ArrayOfdouble" xmlns:a="http://schemas.microsoft.com/2003/10/Serialization/Arrays"><a:double>1</a:double><a:double>1</a:double><a:double>1</a:double><a:double>1</a:double></Value></Attribute></Attributes><ChildElements/><ElementName>color</ElementName><required>false</required><RGBAAttribute z:Ref="i26"/></URDFElement><URDFElement z:Id="i27" i:type="Texture"><Attributes><Attribute z:Id="i28"><AttributeType>filename</AttributeType><IsRequired>true</IsRequired><Value i:nil="true"/></Attribute></Attributes><ChildElements/><ElementName>texture</ElementName><required>false</required><FilenameAttribute z:Ref="i28"/><wFilename/></URDFElement></ChildElements><ElementName>material</ElementName><required>false</required><Color z:Ref="i25"/><NameAttribute z:Ref="i24"/><Texture z:Ref="i27"/></URDFElement></ChildElements><ElementName>visual</ElementName><required>false</required><Geometry z:Ref="i20"/><Material z:Ref="i23"/><Origin z:Ref="i17"/></URDFElement><URDFElement z:Id="i29" i:type="Collision"><Attributes/><ChildElements><URDFElement z:Id="i30" i:type="Origin"><Attributes><Attribute z:Id="i31"><AttributeType>xyz</AttributeType><IsRequired>true</IsRequired><Value i:type="a:ArrayOfdouble" xmlns:a="http://schemas.microsoft.com/2003/10/Serialization/Arrays"><a:double>0</a:double><a:double>0</a:double><a:double>0</a:double></Value></Attribute><Attribute z:Id="i32"><AttributeType>rpy</AttributeType><IsRequired>true</IsRequired><Value i:type="a:ArrayOfdouble" xmlns:a="http://schemas.microsoft.com/2003/10/Serialization/Arrays"><a:double>0</a:double><a:double>0</a:double><a:double>0</a:double></Value></Attribute></Attributes><ChildElements/><ElementName>origin</ElementName><required>false</required><RPYAttribute z:Ref="i32"/><XYZAttribute z:Ref="i31"/><isCustomized>false</isCustomized></URDFElement><URDFElement z:Id="i33" i:type="Geometry"><Attributes/><ChildElements><URDFElement z:Id="i34" i:type="Mesh"><Attributes><Attribute z:Id="i35"><AttributeType>filename</AttributeType><IsRequired>true</IsRequired><Value i:nil="true"/></Attribute></Attributes><ChildElements/><ElementName>mesh</ElementName><required>false</required><FilenameAttribute z:Ref="i35"/></URDFElement></ChildElements><ElementName>geometry</ElementName><required>true</required><Mesh z:Ref="i34"/></URDFElement></ChildElements><ElementName>collision</ElementName><required>false</required><Geometry z:Ref="i33"/><Origin z:Ref="i30"/></URDFElement><URDFElement z:Id="i36" i:type="Joint"><Attributes><Attribute z:Id="i37"><AttributeType>name</AttributeType><IsRequired>true</IsRequired><Value i:type="a:string" xmlns:a="http://www.w3.org/2001/XMLSchema"/></Attribute><Attribute z:Id="i38"><AttributeType>type</AttributeType><IsRequired>true</IsRequired><Value i:type="a:string" xmlns:a="http://www.w3.org/2001/XMLSchema"/></Attribute></Attributes><ChildElements><URDFElement z:Id="i39" i:type="Origin"><Attributes><Attribute z:Id="i40"><AttributeType>xyz</AttributeType><IsRequired>true</IsRequired><Value i:type="a:ArrayOfdouble" xmlns:a="http://schemas.microsoft.com/2003/10/Serialization/Arrays"><a:double>0</a:double><a:double>0</a:double><a:double>0</a:double></Value></Attribute><Attribute z:Id="i41"><AttributeType>rpy</AttributeType><IsRequired>true</IsRequired><Value i:type="a:ArrayOfdouble" xmlns:a="http://schemas.microsoft.com/2003/10/Serialization/Arrays"><a:double>0</a:double><a:double>0</a:double><a:double>0</a:double></Value></Attribute></Attributes><ChildElements/><ElementName>origin</ElementName><required>false</required><RPYAttribute z:Ref="i41"/><XYZAttribute z:Ref="i40"/><isCustomized>false</isCustomized></URDFElement><URDFElement z:Id="i42" i:type="ParentLink"><Attributes><Attribute z:Id="i43"><AttributeType>link</AttributeType><IsRequired>true</IsRequired><Value i:type="a:string" xmlns:a="http://www.w3.org/2001/XMLSchema"/></Attribute></Attributes><ChildElements/><ElementName>parent</ElementName><required>true</required><NameAttribute z:Ref="i43"/></URDFElement><URDFElement z:Id="i44" i:type="ChildLink"><Attributes><Attribute z:Id="i45"><AttributeType>link</AttributeType><IsRequired>true</IsRequired><Value i:type="a:string" xmlns:a="http://www.w3.org/2001/XMLSchema"/></Attribute></Attributes><ChildElements/><ElementName>child</ElementName><required>true</required><NameAttribute z:Ref="i45"/></URDFElement><URDFElement z:Id="i46" i:type="Axis"><Attributes><Attribute z:Id="i47"><AttributeType>xyz</AttributeType><IsRequired>true</IsRequired><Value i:type="a:ArrayOfdouble" xmlns:a="http://schemas.microsoft.com/2003/10/Serialization/Arrays"><a:double>0</a:double><a:double>0</a:double><a:double>0</a:double></Value></Attribute></Attributes><ChildElements/><ElementName>axis</ElementName><required>false</required><XYZAttribute z:Ref="i47"/></URDFElement><URDFElement z:Id="i48" i:type="Limit"><Attributes><Attribute z:Id="i49"><AttributeType>lower</AttributeType><IsRequired>false</IsRequired><Value i:nil="true"/></Attribute><Attribute z:Id="i50"><AttributeType>upper</AttributeType><IsRequired>false</IsRequired><Value i:nil="true"/></Attribute><Attribute z:Id="i51"><AttributeType>effort</AttributeType><IsRequired>true</IsRequired><Value i:nil="true"/></Attribute><Attribute z:Id="i52"><AttributeType>velocity</AttributeType><IsRequired>true</IsRequired><Value i:nil="true"/></Attribute></Attributes><ChildElements/><ElementName>limit</ElementName><required>false</required><EffortAttribute z:Ref="i51"/><LowerAttribute z:Ref="i49"/><UpperAttribute z:Ref="i50"/><VelocityAttribute z:Ref="i52"/></URDFElement><URDFElement z:Id="i53" i:type="Calibration"><Attributes><Attribute z:Id="i54"><AttributeType>rising</AttributeType><IsRequired>false</IsRequired><Value i:nil="true"/></Attribute><Attribute z:Id="i55"><AttributeType>falling</AttributeType><IsRequired>false</IsRequired><Value i:nil="true"/></Attribute></Attributes><ChildElements/><ElementName>calibration</ElementName><required>false</required><FallingAttribute z:Ref="i55"/><RisingAttribute z:Ref="i54"/></URDFElement><URDFElement z:Id="i56" i:type="Dynamics"><Attributes><Attribute z:Id="i57"><AttributeType>damping</AttributeType><IsRequired>false</IsRequired><Value i:nil="true"/></Attribute><Attribute z:Id="i58"><AttributeType>friction</AttributeType><IsRequired>false</IsRequired><Value i:nil="true"/></Attribute></Attributes><ChildElements/><ElementName>dynamics</ElementName><required>false</required><DampingAttribute z:Ref="i57"/><FrictionAttribute z:Ref="i58"/></URDFElement><URDFElement z:Id="i59" i:type="SafetyController"><Attributes><Attribute z:Id="i60"><AttributeType>soft_upper_limit</AttributeType><IsRequired>false</IsRequired><Value i:nil="true"/></Attribute><Attribute z:Id="i61"><AttributeType>soft_lower_limit</AttributeType><IsRequired>false</IsRequired><Value i:nil="true"/></Attribute><Attribute z:Id="i62"><AttributeType>k_position</AttributeType><IsRequired>false</IsRequired><Value i:nil="true"/></Attribute><Attribute z:Id="i63"><AttributeType>k_velocity</AttributeType><IsRequired>true</IsRequired><Value i:nil="true"/></Attribute></Attributes><ChildElements/><ElementName>safety_controller</ElementName><required>false</required><KPositionAttribute z:Ref="i62"/><KVelocityAttribute z:Ref="i63"/><SoftLowerAttribute z:Ref="i61"/><SoftUpperAttribute z:Ref="i60"/></URDFElement><URDFElement z:Id="i64" i:type="Mimic"><Attributes><Attribute z:Id="i65"><AttributeType>joint</AttributeType><IsRequired>true</IsRequired><Value i:nil="true"/></Attribute><Attribute z:Id="i66"><AttributeType>multiplier</AttributeType><IsRequired>false</IsRequired><Value i:nil="true"/></Attribute><Attribute z:Id="i67"><AttributeType>offset</AttributeType><IsRequired>false</IsRequired><Value i:nil="true"/></Attribute></Attributes><ChildElements/><ElementName>mimic</ElementName><required>false</required><JointNameAttribute z:Ref="i65"/><MultiplierAttribute z:Ref="i66"/><OffsetAttribute z:Ref="i67"/></URDFElement></ChildElements><ElementName>joint</ElementName><required>false</required><Axis z:Ref="i46"/><AxisName/><Calibration z:Ref="i53"/><Child z:Ref="i44"/><CoordinateSystemName>Automatically Generate</CoordinateSystemName><Dynamics z:Ref="i56"/><Limit z:Ref="i48"/><Mimic z:Ref="i64"/><NameAttribute z:Ref="i37"/><Origin z:Ref="i39"/><Parent z:Ref="i42"/><Safety z:Ref="i59"/><TypeAttribute z:Ref="i38"/></URDFElement></ChildElements><ElementName>link</ElementName><required>true</required><Children><Link z:Id="i68"><Attributes><Attribute z:Id="i69"><AttributeType>name</AttributeType><IsRequired>true</IsRequired><Value i:type="a:string" xmlns:a="http://www.w3.org/2001/XMLSchema">gripper_joint_1</Value></Attribute></Attributes><ChildElements><URDFElement z:Id="i70" i:type="Inertial"><Attributes/><ChildElements><URDFElement z:Id="i71" i:type="Origin"><Attributes><Attribute z:Id="i72"><AttributeType>xyz</AttributeType><IsRequired>true</IsRequired><Value i:type="a:ArrayOfdouble" xmlns:a="http://schemas.microsoft.com/2003/10/Serialization/Arrays"><a:double>0</a:double><a:double>0</a:double><a:double>0</a:double></Value></Attribute><Attribute z:Id="i73"><AttributeType>rpy</AttributeType><IsRequired>true</IsRequired><Value i:type="a:ArrayOfdouble" xmlns:a="http://schemas.microsoft.com/2003/10/Serialization/Arrays"><a:double>0</a:double><a:double>0</a:double><a:double>0</a:double></Value></Attribute></Attributes><ChildElements/><ElementName>origin</ElementName><required>false</required><RPYAttribute z:Ref="i73"/><XYZAttribute z:Ref="i72"/><isCustomized>false</isCustomized></URDFElement><URDFElement z:Id="i74" i:type="Mass"><Attributes><Attribute z:Id="i75"><AttributeType>value</AttributeType><IsRequired>true</IsRequired><Value i:type="a:double" xmlns:a="http://www.w3.org/2001/XMLSchema">0</Value></Attribute></Attributes><ChildElements/><ElementName>mass</ElementName><required>false</required><ValueAttribute z:Ref="i75"/></URDFElement><URDFElement z:Id="i76" i:type="Inertia"><Attributes><Attribute z:Id="i77"><AttributeType>ixx</AttributeType><IsRequired>true</IsRequired><Value i:type="a:double" xmlns:a="http://www.w3.org/2001/XMLSchema">0</Value></Attribute><Attribute z:Id="i78"><AttributeType>ixy</AttributeType><IsRequired>true</IsRequired><Value i:type="a:double" xmlns:a="http://www.w3.org/2001/XMLSchema">0</Value></Attribute><Attribute z:Id="i79"><AttributeType>ixz</AttributeType><IsRequired>true</IsRequired><Value i:type="a:double" xmlns:a="http://www.w3.org/2001/XMLSchema">0</Value></Attribute><Attribute z:Id="i80"><AttributeType>iyy</AttributeType><IsRequired>true</IsRequired><Value i:type="a:double" xmlns:a="http://www.w3.org/2001/XMLSchema">0</Value></Attribute><Attribute z:Id="i81"><AttributeType>iyz</AttributeType><IsRequired>true</IsRequired><Value i:type="a:double" xmlns:a="http://www.w3.org/2001/XMLSchema">0</Value></Attribute><Attribute z:Id="i82"><AttributeType>izz</AttributeType><IsRequired>true</IsRequired><Value i:type="a:double" xmlns:a="http://www.w3.org/2001/XMLSchema">0</Value></Attribute></Attributes><ChildElements/><ElementName>inertia</ElementName><required>false</required><IxxAttribute z:Ref="i77"/><IxyAttribute z:Ref="i78"/><IxzAttribute z:Ref="i79"/><IyyAttribute z:Ref="i80"/><IyzAttribute z:Ref="i81"/><IzzAttribute z:Ref="i82"/></URDFElement></ChildElements><ElementName>inertial</ElementName><required>false</required><Inertia z:Ref="i76"/><Mass z:Ref="i74"/><Origin z:Ref="i71"/></URDFElement><URDFElement z:Id="i83" i:type="Visual"><Attributes/><ChildElements><URDFElement z:Id="i84" i:type="Origin"><Attributes><Attribute z:Id="i85"><AttributeType>xyz</AttributeType><IsRequired>true</IsRequired><Value i:type="a:ArrayOfdouble" xmlns:a="http://schemas.microsoft.com/2003/10/Serialization/Arrays"><a:double>0</a:double><a:double>0</a:double><a:double>0</a:double></Value></Attribute><Attribute z:Id="i86"><AttributeType>rpy</AttributeType><IsRequired>true</IsRequired><Value i:type="a:ArrayOfdouble" xmlns:a="http://schemas.microsoft.com/2003/10/Serialization/Arrays"><a:double>0</a:double><a:double>0</a:double><a:double>0</a:double></Value></Attribute></Attributes><ChildElements/><ElementName>origin</ElementName><required>false</required><RPYAttribute z:Ref="i86"/><XYZAttribute z:Ref="i85"/><isCustomized>false</isCustomized></URDFElement><URDFElement z:Id="i87" i:type="Geometry"><Attributes/><ChildElements><URDFElement z:Id="i88" i:type="Mesh"><Attributes><Attribute z:Id="i89"><AttributeType>filename</AttributeType><IsRequired>true</IsRequired><Value i:nil="true"/></Attribute></Attributes><ChildElements/><ElementName>mesh</ElementName><required>false</required><FilenameAttribute z:Ref="i89"/></URDFElement></ChildElements><ElementName>geometry</ElementName><required>true</required><Mesh z:Ref="i88"/></URDFElement><URDFElement z:Id="i90" i:type="Material"><Attributes><Attribute z:Id="i91"><AttributeType>name</AttributeType><IsRequired>true</IsRequired><Value i:type="a:string" xmlns:a="http://www.w3.org/2001/XMLSchema"/></Attribute></Attributes><ChildElements><URDFElement z:Id="i92" i:type="Color"><Attributes><Attribute z:Id="i93"><AttributeType>rgba</AttributeType><IsRequired>true</IsRequired><Value i:type="a:ArrayOfdouble" xmlns:a="http://schemas.microsoft.com/2003/10/Serialization/Arrays"><a:double>1</a:double><a:double>1</a:double><a:double>1</a:double><a:double>1</a:double></Value></Attribute></Attributes><ChildElements/><ElementName>color</ElementName><required>false</required><RGBAAttribute z:Ref="i93"/></URDFElement><URDFElement z:Id="i94" i:type="Texture"><Attributes><Attribute z:Id="i95"><AttributeType>filename</AttributeType><IsRequired>true</IsRequired><Value i:nil="true"/></Attribute></Attributes><ChildElements/><ElementName>texture</ElementName><required>false</required><FilenameAttribute z:Ref="i95"/><wFilename/></URDFElement></ChildElements><ElementName>material</ElementName><required>false</required><Color z:Ref="i92"/><NameAttribute z:Ref="i91"/><Texture z:Ref="i94"/></URDFElement></ChildElements><ElementName>visual</ElementName><required>false</required><Geometry z:Ref="i87"/><Material z:Ref="i90"/><Origin z:Ref="i84"/></URDFElement><URDFElement z:Id="i96" i:type="Collision"><Attributes/><ChildElements><URDFElement z:Id="i97" i:type="Origin"><Attributes><Attribute z:Id="i98"><AttributeType>xyz</AttributeType><IsRequired>true</IsRequired><Value i:type="a:ArrayOfdouble" xmlns:a="http://schemas.microsoft.com/2003/10/Serialization/Arrays"><a:double>0</a:double><a:double>0</a:double><a:double>0</a:double></Value></Attribute><Attribute z:Id="i99"><AttributeType>rpy</AttributeType><IsRequired>true</IsRequired><Value i:type="a:ArrayOfdouble" xmlns:a="http://schemas.microsoft.com/2003/10/Serialization/Arrays"><a:double>0</a:double><a:double>0</a:double><a:double>0</a:double></Value></Attribute></Attributes><ChildElements/><ElementName>origin</ElementName><required>false</required><RPYAttribute z:Ref="i99"/><XYZAttribute z:Ref="i98"/><isCustomized>false</isCustomized></URDFElement><URDFElement z:Id="i100" i:type="Geometry"><Attributes/><ChildElements><URDFElement z:Id="i101" i:type="Mesh"><Attributes><Attribute z:Id="i102"><AttributeType>filename</AttributeType><IsRequired>true</IsRequired><Value i:nil="true"/></Attribute></Attributes><ChildElements/><ElementName>mesh</ElementName><required>false</required><FilenameAttribute z:Ref="i102"/></URDFElement></ChildElements><ElementName>geometry</ElementName><required>true</required><Mesh z:Ref="i101"/></URDFElement></ChildElements><ElementName>collision</ElementName><required>false</required><Geometry z:Ref="i100"/><Origin z:Ref="i97"/></URDFElement><URDFElement z:Id="i103" i:type="Joint"><Attributes><Attribute z:Id="i104"><AttributeType>name</AttributeType><IsRequired>true</IsRequired><Value i:type="a:string" xmlns:a="http://www.w3.org/2001/XMLSchema">gripper_joint_1_joint</Value></Attribute><Attribute z:Id="i105"><AttributeType>type</AttributeType><IsRequired>true</IsRequired><Value i:type="a:string" xmlns:a="http://www.w3.org/2001/XMLSchema">Automatically Detect</Value></Attribute></Attributes><ChildElements><URDFElement z:Id="i106" i:type="Origin"><Attributes><Attribute z:Id="i107"><AttributeType>xyz</AttributeType><IsRequired>true</IsRequired><Value i:type="a:ArrayOfdouble" xmlns:a="http://schemas.microsoft.com/2003/10/Serialization/Arrays"><a:double>0</a:double><a:double>0</a:double><a:double>0</a:double></Value></Attribute><Attribute z:Id="i108"><AttributeType>rpy</AttributeType><IsRequired>true</IsRequired><Value i:type="a:ArrayOfdouble" xmlns:a="http://schemas.microsoft.com/2003/10/Serialization/Arrays"><a:double>0</a:double><a:double>0</a:double><a:double>0</a:double></Value></Attribute></Attributes><ChildElements/><ElementName>origin</ElementName><required>false</required><RPYAttribute z:Ref="i108"/><XYZAttribute z:Ref="i107"/><isCustomized>false</isCustomized></URDFElement><URDFElement z:Id="i109" i:type="ParentLink"><Attributes><Attribute z:Id="i110"><AttributeType>link</AttributeType><IsRequired>true</IsRequired><Value i:type="a:string" xmlns:a="http://www.w3.org/2001/XMLSchema"/></Attribute></Attributes><ChildElements/><ElementName>parent</ElementName><required>true</required><NameAttribute z:Ref="i110"/></URDFElement><URDFElement z:Id="i111" i:type="ChildLink"><Attributes><Attribute z:Id="i112"><AttributeType>link</AttributeType><IsRequired>true</IsRequired><Value i:type="a:string" xmlns:a="http://www.w3.org/2001/XMLSchema"/></Attribute></Attributes><ChildElements/><ElementName>child</ElementName><required>true</required><NameAttribute z:Ref="i112"/></URDFElement><URDFElement z:Id="i113" i:type="Axis"><Attributes><Attribute z:Id="i114"><AttributeType>xyz</AttributeType><IsRequired>true</IsRequired><Value i:type="a:ArrayOfdouble" xmlns:a="http://schemas.microsoft.com/2003/10/Serialization/Arrays"><a:double>0</a:double><a:double>0</a:double><a:double>0</a:double></Value></Attribute></Attributes><ChildElements/><ElementName>axis</ElementName><required>false</required><XYZAttribute z:Ref="i114"/></URDFElement><URDFElement z:Id="i115" i:type="Limit"><Attributes><Attribute z:Id="i116"><AttributeType>lower</AttributeType><IsRequired>false</IsRequired><Value i:nil="true"/></Attribute><Attribute z:Id="i117"><AttributeType>upper</AttributeType><IsRequired>false</IsRequired><Value i:nil="true"/></Attribute><Attribute z:Id="i118"><AttributeType>effort</AttributeType><IsRequired>true</IsRequired><Value i:nil="true"/></Attribute><Attribute z:Id="i119"><AttributeType>velocity</AttributeType><IsRequired>true</IsRequired><Value i:nil="true"/></Attribute></Attributes><ChildElements/><ElementName>limit</ElementName><required>false</required><EffortAttribute z:Ref="i118"/><LowerAttribute z:Ref="i116"/><UpperAttribute z:Ref="i117"/><VelocityAttribute z:Ref="i119"/></URDFElement><URDFElement z:Id="i120" i:type="Calibration"><Attributes><Attribute z:Id="i121"><AttributeType>rising</AttributeType><IsRequired>false</IsRequired><Value i:nil="true"/></Attribute><Attribute z:Id="i122"><AttributeType>falling</AttributeType><IsRequired>false</IsRequired><Value i:nil="true"/></Attribute></Attributes><ChildElements/><ElementName>calibration</ElementName><required>false</required><FallingAttribute z:Ref="i122"/><RisingAttribute z:Ref="i121"/></URDFElement><URDFElement z:Id="i123" i:type="Dynamics"><Attributes><Attribute z:Id="i124"><AttributeType>damping</AttributeType><IsRequired>false</IsRequired><Value i:nil="true"/></Attribute><Attribute z:Id="i125"><AttributeType>friction</AttributeType><IsRequired>false</IsRequired><Value i:nil="true"/></Attribute></Attributes><ChildElements/><ElementName>dynamics</ElementName><required>false</required><DampingAttribute z:Ref="i124"/><FrictionAttribute z:Ref="i125"/></URDFElement><URDFElement z:Id="i126" i:type="SafetyController"><Attributes><Attribute z:Id="i127"><AttributeType>soft_upper_limit</AttributeType><IsRequired>false</IsRequired><Value i:nil="true"/></Attribute><Attribute z:Id="i128"><AttributeType>soft_lower_limit</AttributeType><IsRequired>false</IsRequired><Value i:nil="true"/></Attribute><Attribute z:Id="i129"><AttributeType>k_position</AttributeType><IsRequired>false</IsRequired><Value i:nil="true"/></Attribute><Attribute z:Id="i130"><AttributeType>k_velocity</AttributeType><IsRequired>true</IsRequired><Value i:nil="true"/></Attribute></Attributes><ChildElements/><ElementName>safety_controller</ElementName><required>false</required><KPositionAttribute z:Ref="i129"/><KVelocityAttribute z:Ref="i130"/><SoftLowerAttribute z:Ref="i128"/><SoftUpperAttribute z:Ref="i127"/></URDFElement><URDFElement z:Id="i131" i:type="Mimic"><Attributes><Attribute z:Id="i132"><AttributeType>joint</AttributeType><IsRequired>true</IsRequired><Value i:nil="true"/></Attribute><Attribute z:Id="i133"><AttributeType>multiplier</AttributeType><IsRequired>false</IsRequired><Value i:nil="true"/></Attribute><Attribute z:Id="i134"><AttributeType>offset</AttributeType><IsRequired>false</IsRequired><Value i:nil="true"/></Attribute></Attributes><ChildElements/><ElementName>mimic</ElementName><required>false</required><JointNameAttribute z:Ref="i132"/><MultiplierAttribute z:Ref="i133"/><OffsetAttribute z:Ref="i134"/></URDFElement></ChildElements><ElementName>joint</ElementName><required>false</required><Axis z:Ref="i113"/><AxisName>Automatically Generate</AxisName><Calibration z:Ref="i120"/><Child z:Ref="i111"/><CoordinateSystemName>Automatically Generate</CoordinateSystemName><Dynamics z:Ref="i123"/><Limit z:Ref="i115"/><Mimic z:Ref="i131"/><NameAttribute z:Ref="i104"/><Origin z:Ref="i106"/><Parent z:Ref="i109"/><Safety z:Ref="i126"/><TypeAttribute z:Ref="i105"/></URDFElement></ChildElements><ElementName>link</ElementName><required>true</required><Children/><Collision z:Ref="i96"/><Inertial z:Ref="i70"/><Joint z:Ref="i103"/><NameAttribute z:Ref="i69"/><Parent z:Ref="i1"/><STLQualityFine>false</STLQualityFine><SWComponentPIDs xmlns:a="http://schemas.microsoft.com/2003/10/Serialization/Arrays"><a:base64Binary>sDYAAAUAAAD//v8ZZwByAGkAcABwAGUAXwBmAGkAbgBnAGUAcgAtADMAQABBAFMAUwBZAF8AVQBSAEQARgAEAAAAEAAAAAEAAAABAAAAHAAAAA==</a:base64Binary></SWComponentPIDs><SWMainComponentPID i:nil="true"/><Visual z:Ref="i83"/><isFixedFrame>false</isFixedFrame><isIncomplete>false</isIncomplete></Link><Link z:Id="i135"><Attributes><Attribute z:Id="i136"><AttributeType>name</AttributeType><IsRequired>true</IsRequired><Value i:type="a:string" xmlns:a="http://www.w3.org/2001/XMLSchema">gripper_joint_2</Value></Attribute></Attributes><ChildElements><URDFElement z:Id="i137" i:type="Inertial"><Attributes/><ChildElements><URDFElement z:Id="i138" i:type="Origin"><Attributes><Attribute z:Id="i139"><AttributeType>xyz</AttributeType><IsRequired>true</IsRequired><Value i:type="a:ArrayOfdouble" xmlns:a="http://schemas.microsoft.com/2003/10/Serialization/Arrays"><a:double>0</a:double><a:double>0</a:double><a:double>0</a:double></Value></Attribute><Attribute z:Id="i140"><AttributeType>rpy</AttributeType><IsRequired>true</IsRequired><Value i:type="a:ArrayOfdouble" xmlns:a="http://schemas.microsoft.com/2003/10/Serialization/Arrays"><a:double>0</a:double><a:double>0</a:double><a:double>0</a:double></Value></Attribute></Attributes><ChildElements/><ElementName>origin</ElementName><required>false</required><RPYAttribute z:Ref="i140"/><XYZAttribute z:Ref="i139"/><isCustomized>false</isCustomized></URDFElement><URDFElement z:Id="i141" i:type="Mass"><Attributes><Attribute z:Id="i142"><AttributeType>value</AttributeType><IsRequired>true</IsRequired><Value i:type="a:double" xmlns:a="http://www.w3.org/2001/XMLSchema">0</Value></Attribute></Attributes><ChildElements/><ElementName>mass</ElementName><required>false</required><ValueAttribute z:Ref="i142"/></URDFElement><URDFElement z:Id="i143" i:type="Inertia"><Attributes><Attribute z:Id="i144"><AttributeType>ixx</AttributeType><IsRequired>true</IsRequired><Value i:type="a:double" xmlns:a="http://www.w3.org/2001/XMLSchema">0</Value></Attribute><Attribute z:Id="i145"><AttributeType>ixy</AttributeType><IsRequired>true</IsRequired><Value i:type="a:double" xmlns:a="http://www.w3.org/2001/XMLSchema">0</Value></Attribute><Attribute z:Id="i146"><AttributeType>ixz</AttributeType><IsRequired>true</IsRequired><Value i:type="a:double" xmlns:a="http://www.w3.org/2001/XMLSchema">0</Value></Attribute><Attribute z:Id="i147"><AttributeType>iyy</AttributeType><IsRequired>true</IsRequired><Value i:type="a:double" xmlns:a="http://www.w3.org/2001/XMLSchema">0</Value></Attribute><Attribute z:Id="i148"><AttributeType>iyz</AttributeType><IsRequired>true</IsRequired><Value i:type="a:double" xmlns:a="http://www.w3.org/2001/XMLSchema">0</Value></Attribute><Attribute z:Id="i149"><AttributeType>izz</AttributeType><IsRequired>true</IsRequired><Value i:type="a:double" xmlns:a="http://www.w3.org/2001/XMLSchema">0</Value></Attribute></Attributes><ChildElements/><ElementName>inertia</ElementName><required>false</required><IxxAttribute z:Ref="i144"/><IxyAttribute z:Ref="i145"/><IxzAttribute z:Ref="i146"/><IyyAttribute z:Ref="i147"/><IyzAttribute z:Ref="i148"/><IzzAttribute z:Ref="i149"/></URDFElement></ChildElements><ElementName>inertial</ElementName><required>false</required><Inertia z:Ref="i143"/><Mass z:Ref="i141"/><Origin z:Ref="i138"/></URDFElement><URDFElement z:Id="i150" i:type="Visual"><Attributes/><ChildElements><URDFElement z:Id="i151" i:type="Origin"><Attributes><Attribute z:Id="i152"><AttributeType>xyz</AttributeType><IsRequired>true</IsRequired><Value i:type="a:ArrayOfdouble" xmlns:a="http://schemas.microsoft.com/2003/10/Serialization/Arrays"><a:double>0</a:double><a:double>0</a:double><a:double>0</a:double></Value></Attribute><Attribute z:Id="i153"><AttributeType>rpy</AttributeType><IsRequired>true</IsRequired><Value i:type="a:ArrayOfdouble" xmlns:a="http://schemas.microsoft.com/2003/10/Serialization/Arrays"><a:double>0</a:double><a:double>0</a:double><a:double>0</a:double></Value></Attribute></Attributes><ChildElements/><ElementName>origin</ElementName><required>false</required><RPYAttribute z:Ref="i153"/><XYZAttribute z:Ref="i152"/><isCustomized>false</isCustomized></URDFElement><URDFElement z:Id="i154" i:type="Geometry"><Attributes/><ChildElements><URDFElement z:Id="i155" i:type="Mesh"><Attributes><Attribute z:Id="i156"><AttributeType>filename</AttributeType><IsRequired>true</IsRequired><Value i:nil="true"/></Attribute></Attributes><ChildElements/><ElementName>mesh</ElementName><required>false</required><FilenameAttribute z:Ref="i156"/></URDFElement></ChildElements><ElementName>geometry</ElementName><required>true</required><Mesh z:Ref="i155"/></URDFElement><URDFElement z:Id="i157" i:type="Material"><Attributes><Attribute z:Id="i158"><AttributeType>name</AttributeType><IsRequired>true</IsRequired><Value i:type="a:string" xmlns:a="http://www.w3.org/2001/XMLSchema"/></Attribute></Attributes><ChildElements><URDFElement z:Id="i159" i:type="Color"><Attributes><Attribute z:Id="i160"><AttributeType>rgba</AttributeType><IsRequired>true</IsRequired><Value i:type="a:ArrayOfdouble" xmlns:a="http://schemas.microsoft.com/2003/10/Serialization/Arrays"><a:double>1</a:double><a:double>1</a:double><a:double>1</a:double><a:double>1</a:double></Value></Attribute></Attributes><ChildElements/><ElementName>color</ElementName><required>false</required><RGBAAttribute z:Ref="i160"/></URDFElement><URDFElement z:Id="i161" i:type="Texture"><Attributes><Attribute z:Id="i162"><AttributeType>filename</AttributeType><IsRequired>true</IsRequired><Value i:nil="true"/></Attribute></Attributes><ChildElements/><ElementName>texture</ElementName><required>false</required><FilenameAttribute z:Ref="i162"/><wFilename/></URDFElement></ChildElements><ElementName>material</ElementName><required>false</required><Color z:Ref="i159"/><NameAttribute z:Ref="i158"/><Texture z:Ref="i161"/></URDFElement></ChildElements><ElementName>visual</ElementName><required>false</required><Geometry z:Ref="i154"/><Material z:Ref="i157"/><Origin z:Ref="i151"/></URDFElement><URDFElement z:Id="i163" i:type="Collision"><Attributes/><ChildElements><URDFElement z:Id="i164" i:type="Origin"><Attributes><Attribute z:Id="i165"><AttributeType>xyz</AttributeType><IsRequired>true</IsRequired><Value i:type="a:ArrayOfdouble" xmlns:a="http://schemas.microsoft.com/2003/10/Serialization/Arrays"><a:double>0</a:double><a:double>0</a:double><a:double>0</a:double></Value></Attribute><Attribute z:Id="i166"><AttributeType>rpy</AttributeType><IsRequired>true</IsRequired><Value i:type="a:ArrayOfdouble" xmlns:a="http://schemas.microsoft.com/2003/10/Serialization/Arrays"><a:double>0</a:double><a:double>0</a:double><a:double>0</a:double></Value></Attribute></Attributes><ChildElements/><ElementName>origin</ElementName><required>false</required><RPYAttribute z:Ref="i166"/><XYZAttribute z:Ref="i165"/><isCustomized>false</isCustomized></URDFElement><URDFElement z:Id="i167" i:type="Geometry"><Attributes/><ChildElements><URDFElement z:Id="i168" i:type="Mesh"><Attributes><Attribute z:Id="i169"><AttributeType>filename</AttributeType><IsRequired>true</IsRequired><Value i:nil="true"/></Attribute></Attributes><ChildElements/><ElementName>mesh</ElementName><required>false</required><FilenameAttribute z:Ref="i169"/></URDFElement></ChildElements><ElementName>geometry</ElementName><required>true</required><Mesh z:Ref="i168"/></URDFElement></ChildElements><ElementName>collision</ElementName><required>false</required><Geometry z:Ref="i167"/><Origin z:Ref="i164"/></URDFElement><URDFElement z:Id="i170" i:type="Joint"><Attributes><Attribute z:Id="i171"><AttributeType>name</AttributeType><IsRequired>true</IsRequired><Value i:type="a:string" xmlns:a="http://www.w3.org/2001/XMLSchema">gripper_joint_2_joint</Value></Attribute><Attribute z:Id="i172"><AttributeType>type</AttributeType><IsRequired>true</IsRequired><Value i:type="a:string" xmlns:a="http://www.w3.org/2001/XMLSchema">Automatically Detect</Value></Attribute></Attributes><ChildElements><URDFElement z:Id="i173" i:type="Origin"><Attributes><Attribute z:Id="i174"><AttributeType>xyz</AttributeType><IsRequired>true</IsRequired><Value i:type="a:ArrayOfdouble" xmlns:a="http://schemas.microsoft.com/2003/10/Serialization/Arrays"><a:double>0</a:double><a:double>0</a:double><a:double>0</a:double></Value></Attribute><Attribute z:Id="i175"><AttributeType>rpy</AttributeType><IsRequired>true</IsRequired><Value i:type="a:ArrayOfdouble" xmlns:a="http://schemas.microsoft.com/2003/10/Serialization/Arrays"><a:double>0</a:double><a:double>0</a:double><a:double>0</a:double></Value></Attribute></Attributes><ChildElements/><ElementName>origin</ElementName><required>false</required><RPYAttribute z:Ref="i175"/><XYZAttribute z:Ref="i174"/><isCustomized>false</isCustomized></URDFElement><URDFElement z:Id="i176" i:type="ParentLink"><Attributes><Attribute z:Id="i177"><AttributeType>link</AttributeType><IsRequired>true</IsRequired><Value i:type="a:string" xmlns:a="http://www.w3.org/2001/XMLSchema"/></Attribute></Attributes><ChildElements/><ElementName>parent</ElementName><required>true</required><NameAttribute z:Ref="i177"/></URDFElement><URDFElement z:Id="i178" i:type="ChildLink"><Attributes><Attribute z:Id="i179"><AttributeType>link</AttributeType><IsRequired>true</IsRequired><Value i:type="a:string" xmlns:a="http://www.w3.org/2001/XMLSchema"/></Attribute></Attributes><ChildElements/><ElementName>child</ElementName><required>true</required><NameAttribute z:Ref="i179"/></URDFElement><URDFElement z:Id="i180" i:type="Axis"><Attributes><Attribute z:Id="i181"><AttributeType>xyz</AttributeType><IsRequired>true</IsRequired><Value i:type="a:ArrayOfdouble" xmlns:a="http://schemas.microsoft.com/2003/10/Serialization/Arrays"><a:double>0</a:double><a:double>0</a:double><a:double>0</a:double></Value></Attribute></Attributes><ChildElements/><ElementName>axis</ElementName><required>false</required><XYZAttribute z:Ref="i181"/></URDFElement><URDFElement z:Id="i182" i:type="Limit"><Attributes><Attribute z:Id="i183"><AttributeType>lower</AttributeType><IsRequired>false</IsRequired><Value i:nil="true"/></Attribute><Attribute z:Id="i184"><AttributeType>upper</AttributeType><IsRequired>false</IsRequired><Value i:nil="true"/></Attribute><Attribute z:Id="i185"><AttributeType>effort</AttributeType><IsRequired>true</IsRequired><Value i:nil="true"/></Attribute><Attribute z:Id="i186"><AttributeType>velocity</AttributeType><IsRequired>true</IsRequired><Value i:nil="true"/></Attribute></Attributes><ChildElements/><ElementName>limit</ElementName><required>false</required><EffortAttribute z:Ref="i185"/><LowerAttribute z:Ref="i183"/><UpperAttribute z:Ref="i184"/><VelocityAttribute z:Ref="i186"/></URDFElement><URDFElement z:Id="i187" i:type="Calibration"><Attributes><Attribute z:Id="i188"><AttributeType>rising</AttributeType><IsRequired>false</IsRequired><Value i:nil="true"/></Attribute><Attribute z:Id="i189"><AttributeType>falling</AttributeType><IsRequired>false</IsRequired><Value i:nil="true"/></Attribute></Attributes><ChildElements/><ElementName>calibration</ElementName><required>false</required><FallingAttribute z:Ref="i189"/><RisingAttribute z:Ref="i188"/></URDFElement><URDFElement z:Id="i190" i:type="Dynamics"><Attributes><Attribute z:Id="i191"><AttributeType>damping</AttributeType><IsRequired>false</IsRequired><Value i:nil="true"/></Attribute><Attribute z:Id="i192"><AttributeType>friction</AttributeType><IsRequired>false</IsRequired><Value i:nil="true"/></Attribute></Attributes><ChildElements/><ElementName>dynamics</ElementName><required>false</required><DampingAttribute z:Ref="i191"/><FrictionAttribute z:Ref="i192"/></URDFElement><URDFElement z:Id="i193" i:type="SafetyController"><Attributes><Attribute z:Id="i194"><AttributeType>soft_upper_limit</AttributeType><IsRequired>false</IsRequired><Value i:nil="true"/></Attribute><Attribute z:Id="i195"><AttributeType>soft_lower_limit</AttributeType><IsRequired>false</IsRequired><Value i:nil="true"/></Attribute><Attribute z:Id="i196"><AttributeType>k_position</AttributeType><IsRequired>false</IsRequired><Value i:nil="true"/></Attribute><Attribute z:Id="i197"><AttributeType>k_velocity</AttributeType><IsRequired>true</IsRequired><Value i:nil="true"/></Attribute></Attributes><ChildElements/><ElementName>safety_controller</ElementName><required>false</required><KPositionAttribute z:Ref="i196"/><KVelocityAttribute z:Ref="i197"/><SoftLowerAttribute z:Ref="i195"/><SoftUpperAttribute z:Ref="i194"/></URDFElement><URDFElement z:Id="i198" i:type="Mimic"><Attributes><Attribute z:Id="i199"><AttributeType>joint</AttributeType><IsRequired>true</IsRequired><Value i:nil="true"/></Attribute><Attribute z:Id="i200"><AttributeType>multiplier</AttributeType><IsRequired>false</IsRequired><Value i:nil="true"/></Attribute><Attribute z:Id="i201"><AttributeType>offset</AttributeType><IsRequired>false</IsRequired><Value i:nil="true"/></Attribute></Attributes><ChildElements/><ElementName>mimic</ElementName><required>false</required><JointNameAttribute z:Ref="i199"/><MultiplierAttribute z:Ref="i200"/><OffsetAttribute z:Ref="i201"/></URDFElement></ChildElements><ElementName>joint</ElementName><required>false</required><Axis z:Ref="i180"/><AxisName>Automatically Generate</AxisName><Calibration z:Ref="i187"/><Child z:Ref="i178"/><CoordinateSystemName>Automatically Generate</CoordinateSystemName><Dynamics z:Ref="i190"/><Limit z:Ref="i182"/><Mimic z:Ref="i198"/><NameAttribute z:Ref="i171"/><Origin z:Ref="i173"/><Parent z:Ref="i176"/><Safety z:Ref="i193"/><TypeAttribute z:Ref="i172"/></URDFElement></ChildElements><ElementName>link</ElementName><required>true</required><Children/><Collision z:Ref="i163"/><Inertial z:Ref="i137"/><Joint z:Ref="i170"/><NameAttribute z:Ref="i136"/><Parent z:Ref="i1"/><STLQualityFine>false</STLQualityFine><SWComponentPIDs xmlns:a="http://schemas.microsoft.com/2003/10/Serialization/Arrays"><a:base64Binary>sDYAAAUAAAD//v8ZZwByAGkAcABwAGUAXwBmAGkAbgBnAGUAcgAtADIAQABBAFMAUwBZAF8AVQBSAEQARgAEAAAAEAAAAAEAAAABAAAAGwAAAA==</a:base64Binary></SWComponentPIDs><SWMainComponentPID i:nil="true"/><Visual z:Ref="i150"/><isFixedFrame>false</isFixedFrame><isIncomplete>false</isIncomplete></Link></Children><Collision z:Ref="i29"/><Inertial z:Ref="i3"/><Joint z:Ref="i36"/><NameAttribute z:Ref="i2"/><Parent i:nil="true"/><STLQualityFine>false</STLQualityFine><SWComponentPIDs xmlns:a="http://schemas.microsoft.com/2003/10/Serialization/Arrays"><a:base64Binary>sDYAAAUAAAD//v8YZwByAGkAcABwAGUAcgBfAGIAYQBzAGUALQAyAEAAQQBTAFMAWQBfAFUAUgBEAEYABAAAABAAAAABAAAAAQAAABoAAAA=</a:base64Binary></SWComponentPIDs><SWMainComponentPID i:nil="true"/><Visual z:Ref="i16"/><isFixedFrame>false</isFixedFrame><isIncomplete>false</isIncomplete></Link>
2026-08-21 12:07:56,644 INFO  AssemblyExportForm.cs: 309 - Saving URDF package to D:\AIDIN_workspace\Manipulator_Workspace\z_aidin_gripper\aidin_gripper_2.1(노옵션버전)\스텝파일\ASSY_URDF.SLDASM2
2026-08-21 12:07:56,645 INFO  ExportHelper.cs: 147 - Beginning the export process
2026-08-21 12:07:56,646 INFO  ExportHelper.cs: 153 - Creating package directories with name ASSY_URDF.SLDASM2 and save path D:\AIDIN_workspace\Manipulator_Workspace\z_aidin_gripper\aidin_gripper_2.1(노옵션버전)\스텝파일
2026-08-21 12:07:57,977 INFO  ExportHelper.cs: 162 - Creating CMakeLists.txt at D:\AIDIN_workspace\Manipulator_Workspace\z_aidin_gripper\aidin_gripper_2.1(노옵션버전)\스텝파일\ASSY_URDF.SLDASM2\CMakeLists.txt
2026-08-21 12:07:57,978 INFO  ExportHelper.cs: 166 - Creating joint names config at D:\AIDIN_workspace\Manipulator_Workspace\z_aidin_gripper\aidin_gripper_2.1(노옵션버전)\스텝파일\ASSY_URDF.SLDASM2\config\joint_names_ASSY_URDF.SLDASM2.yaml
2026-08-21 12:07:57,979 INFO  ExportHelper.cs: 170 - Creating package.xml at D:\AIDIN_workspace\Manipulator_Workspace\z_aidin_gripper\aidin_gripper_2.1(노옵션버전)\스텝파일\ASSY_URDF.SLDASM2\package.xml
2026-08-21 12:07:57,979 INFO  PackageXMLWriter.cs: 21 - Creating package.xml at D:\AIDIN_workspace\Manipulator_Workspace\z_aidin_gripper\aidin_gripper_2.1(노옵션버전)\스텝파일\ASSY_URDF.SLDASM2\package.xml
2026-08-21 12:07:57,980 INFO  ExportHelper.cs: 177 - Creating RVIZ launch file in D:\AIDIN_workspace\Manipulator_Workspace\z_aidin_gripper\aidin_gripper_2.1(노옵션버전)\스텝파일\ASSY_URDF.SLDASM2\launch\
2026-08-21 12:07:57,980 INFO  ExportHelper.cs: 182 - Creating Gazebo launch file in D:\AIDIN_workspace\Manipulator_Workspace\z_aidin_gripper\aidin_gripper_2.1(노옵션버전)\스텝파일\ASSY_URDF.SLDASM2\launch\
2026-08-21 12:07:57,981 INFO  ExportHelper.cs: 187 - Saving existing STL preferences
2026-08-21 12:07:57,981 INFO  ExportHelper.cs: 450 - Saving users preferences
2026-08-21 12:07:57,981 INFO  ExportHelper.cs: 190 - Modifying STL preferences
2026-08-21 12:07:57,981 INFO  ExportHelper.cs: 464 - Setting STL preferences
2026-08-21 12:07:57,982 INFO  ExportHelper.cs: 196 - Found 0 hidden components 
2026-08-21 12:07:57,982 INFO  ExportHelper.cs: 197 - Hiding all components
2026-08-21 12:07:57,997 INFO  ExportHelper.cs: 204 - Beginning individual files export
2026-08-21 12:07:57,998 INFO  ExportHelper.cs: 270 - Exporting link: gripper_base
2026-08-21 12:07:57,999 INFO  ExportHelper.cs: 272 - Link gripper_base has 2 children
2026-08-21 12:07:58,000 INFO  ExportHelper.cs: 270 - Exporting link: gripper_joint_1
2026-08-21 12:07:58,000 INFO  ExportHelper.cs: 272 - Link gripper_joint_1 has 0 children
2026-08-21 12:07:58,000 INFO  ExportHelper.cs: 317 - gripper_joint_1: Exporting STL with coordinate frame Origin_gripper_joint_1_joint
2026-08-21 12:07:58,000 INFO  ExportHelper.cs: 322 - gripper_joint_1: Reference geometry name 
2026-08-21 12:07:58,045 INFO  ExportHelper.cs: 330 - Saving STL to D:\AIDIN_workspace\Manipulator_Workspace\z_aidin_gripper\aidin_gripper_2.1(노옵션버전)\스텝파일\ASSY_URDF.SLDASM2\meshes\gripper_joint_1.STL
2026-08-21 12:07:58,072 INFO  ExportHelper.cs: 405 - Removing SW header in STL file
2026-08-21 12:07:58,073 INFO  ExportHelper.cs: 270 - Exporting link: gripper_joint_2
2026-08-21 12:07:58,074 INFO  ExportHelper.cs: 272 - Link gripper_joint_2 has 0 children
2026-08-21 12:07:58,074 INFO  ExportHelper.cs: 317 - gripper_joint_2: Exporting STL with coordinate frame Origin_gripper_joint_2_joint
2026-08-21 12:07:58,074 INFO  ExportHelper.cs: 322 - gripper_joint_2: Reference geometry name 
2026-08-21 12:07:58,081 INFO  ExportHelper.cs: 330 - Saving STL to D:\AIDIN_workspace\Manipulator_Workspace\z_aidin_gripper\aidin_gripper_2.1(노옵션버전)\스텝파일\ASSY_URDF.SLDASM2\meshes\gripper_joint_2.STL
2026-08-21 12:07:58,103 INFO  ExportHelper.cs: 405 - Removing SW header in STL file
2026-08-21 12:07:58,104 INFO  ExportHelper.cs: 317 - gripper_base: Exporting STL with coordinate frame Origin_global
2026-08-21 12:07:58,104 INFO  ExportHelper.cs: 322 - gripper_base: Reference geometry name 
2026-08-21 12:07:58,112 INFO  ExportHelper.cs: 330 - Saving STL to D:\AIDIN_workspace\Manipulator_Workspace\z_aidin_gripper\aidin_gripper_2.1(노옵션버전)\스텝파일\ASSY_URDF.SLDASM2\meshes\gripper_base.STL
2026-08-21 12:07:58,202 INFO  ExportHelper.cs: 405 - Removing SW header in STL file
2026-08-21 12:07:58,202 INFO  ExportHelper.cs: 145 - Showing all components except previously hidden components
2026-08-21 12:07:58,217 INFO  ExportHelper.cs: 145 - Resetting STL preferences
2026-08-21 12:07:58,217 INFO  ExportHelper.cs: 478 - Returning STL preferences to user preferences
2026-08-21 12:07:58,218 INFO  ExportHelper.cs: 228 - Writing URDF file to D:\AIDIN_workspace\Manipulator_Workspace\z_aidin_gripper\aidin_gripper_2.1(노옵션버전)\스텝파일\ASSY_URDF.SLDASM2\urdf\ASSY_URDF.SLDASM2.urdf
2026-08-21 12:07:58,219 INFO  CSVImportExport.cs: 32 - Writing CSV file D:\AIDIN_workspace\Manipulator_Workspace\z_aidin_gripper\aidin_gripper_2.1(노옵션버전)\스텝파일\ASSY_URDF.SLDASM2\urdf\ASSY_URDF.SLDASM2.csv
2026-08-21 12:07:58,220 ERROR CSVImportExport.cs: 130 - The following columns were not written to the CSV: Link.Joint.ChildLink.link,
2026-08-21 12:07:58,220 ERROR CSVImportExport.cs: 130 - The following columns were not written to the CSV: Link.Joint.ChildLink.link,
2026-08-21 12:07:58,220 ERROR CSVImportExport.cs: 130 - The following columns were not written to the CSV: Link.Joint.ChildLink.link,
2026-08-21 12:07:58,221 INFO  ExportHelper.cs: 234 - Copying log file
2026-08-21 12:07:58,221 INFO  ExportHelper.cs: 439 - Copying C:\Users\Hyo-jong_CAD\sw2urdf_logs\sw2urdf.log to D:\AIDIN_workspace\Manipulator_Workspace\z_aidin_gripper\aidin_gripper_2.1(노옵션버전)\스텝파일\ASSY_URDF.SLDASM2\export.log
